NUTS CODE;NUTS LABEL;NUTS LEVEL;COUNTRY CODE;MS ORDER;SORTING ORDER;
BE;BELGIQUE-BELGIË ;0;BE;1;1;
BE1;RÉGION DE BRUXELLES-CAPITALE / BRUSSELS HOOFDSTEDELIJK GEWEST;1;BE;1;2;
BE10;Région de Bruxelles-Capitale / Brussels Hoofdstedelijk Gewest;2;BE;1;3;
BE100;Arr. de Bruxelles-Capitale / Arr. van Brussel-Hoofdstad;3;BE;1;4;
BE2;VLAAMS GEWEST;1;BE;1;5;
BE21;Prov. Antwerpen;2;BE;1;6;
BE211;Arr. Antwerpen;3;BE;1;7;
BE212;Arr. Mechelen;3;BE;1;8;
BE213;Arr. Turnhout;3;BE;1;9;
BE22;Prov. Limburg (BE);2;BE;1;10;
BE221;Arr. Hasselt;3;BE;1;11;
BE222;Arr. Maaseik;3;BE;1;12;
BE223;Arr. Tongeren;3;BE;1;13;
BE23;Prov. Oost-Vlaanderen;2;BE;1;14;
BE231;Arr. Aalst;3;BE;1;15;
BE232;Arr. Dendermonde;3;BE;1;16;
BE233;Arr. Eeklo;3;BE;1;17;
BE234;Arr. Gent;3;BE;1;18;
BE235;Arr. Oudenaarde;3;BE;1;19;
BE236;Arr. Sint-Niklaas;3;BE;1;20;
BE24;Prov. Vlaams-Brabant;2;BE;1;21;
BE241;Arr. Halle-Vilvoorde;3;BE;1;22;
BE242;Arr. Leuven;3;BE;1;23;
BE25;Prov. West-Vlaanderen;2;BE;1;24;
BE251;Arr. Brugge;3;BE;1;25;
BE252;Arr. Diksmuide;3;BE;1;26;
BE253;Arr. Ieper;3;BE;1;27;
BE254;Arr. Kortrijk;3;BE;1;28;
BE255;Arr. Oostende;3;BE;1;29;
BE256;Arr. Roeselare;3;BE;1;30;
BE257;Arr. Tielt;3;BE;1;31;
BE258;Arr. Veurne;3;BE;1;32;
BE3;RÉGION WALLONNE;1;BE;1;33;
BE31;Prov. Brabant Wallon;2;BE;1;34;
BE310;Arr. Nivelles;3;BE;1;35;
BE32;Prov. Hainaut;2;BE;1;36;
BE321;Arr. Ath;3;BE;1;37;
BE322;Arr. Charleroi;3;BE;1;38;
BE323;Arr. Mons;3;BE;1;39;
BE324;Arr. Mouscron;3;BE;1;40;
BE325;Arr. Soignies;3;BE;1;41;
BE326;Arr. Thuin;3;BE;1;42;
BE327;Arr. Tournai;3;BE;1;43;
BE33;Prov. Liège;2;BE;1;44;
BE331;Arr. Huy;3;BE;1;45;
BE332;Arr. Liège;3;BE;1;46;
BE334;Arr. Waremme;3;BE;1;47;
BE335;Arr. Verviers - communes francophones;3;BE;1;48;
BE336;Bezirk Verviers - Deutschsprachige Gemeinschaft;3;BE;1;49;
BE34;Prov. Luxembourg (BE);2;BE;1;50;
BE341;Arr. Arlon;3;BE;1;51;
BE342;Arr. Bastogne;3;BE;1;52;
BE343;Arr. Marche-en-Famenne;3;BE;1;53;
BE344;Arr. Neufchâteau;3;BE;1;54;
BE345;Arr. Virton;3;BE;1;55;
BE35;Prov. Namur;2;BE;1;56;
BE351;Arr. Dinant;3;BE;1;57;
BE352;Arr. Namur;3;BE;1;58;
BE353;Arr. Philippeville;3;BE;1;59;
BEZ;EXTRA-REGIO NUTS 1;1;BE;1;60;
BEZZ;Extra-Regio NUTS 2;2;BE;1;61;
BEZZZ;Extra-Regio NUTS 3;3;BE;1;62;
BG;БЪЛГАРИЯ (BULGARIA);0;BG;2;63;
BG3;СЕВЕРНА И ЮГОИЗТОЧНА БЪЛГАРИЯ (SEVERNA I YUGOIZTOCHNA BULGARIA);1;BG;2;64;
BG31;Северозападен (Severozapaden);2;BG;2;65;
BG311;Видин (Vidin);3;BG;2;66;
BG312;Монтана (Montana);3;BG;2;67;
BG313;Враца (Vratsa);3;BG;2;68;
BG314;Плевен (Pleven);3;BG;2;69;
BG315;Ловеч (Lovech);3;BG;2;70;
BG32;Северен централен (Severen tsentralen);2;BG;2;71;
BG321;Велико Търново (Veliko Tarnovo);3;BG;2;72;
BG322;Габрово (Gabrovo);3;BG;2;73;
BG323;Русе (Ruse);3;BG;2;74;
BG324;Разград (Razgrad);3;BG;2;75;
BG325;Силистра (Silistra);3;BG;2;76;
BG33;Североизточен (Severoiztochen);2;BG;2;77;
BG331;Варна (Varna);3;BG;2;78;
BG332;Добрич (Dobrich);3;BG;2;79;
BG333;Шумен (Shumen);3;BG;2;80;
BG334;Търговище (Targovishte);3;BG;2;81;
BG34;Югоизточен (Yugoiztochen);2;BG;2;82;
BG341;Бургас (Burgas);3;BG;2;83;
BG342;Сливен (Sliven);3;BG;2;84;
BG343;Ямбол (Yambol);3;BG;2;85;
BG344;Стара Загора (Stara Zagora);3;BG;2;86;
BG4;ЮГОЗАПАДНА И ЮЖНА ЦЕНТРАЛНА БЪЛГАРИЯ (YUGOZAPADNA I YUZHNA TSENTRALNA BULGARIA);1;BG;2;87;
BG41;Югозападен (Yugozapaden);2;BG;2;88;
BG411;София (столица) (Sofia (stolitsa));3;BG;2;89;
BG412;София (Sofia);3;BG;2;90;
BG413;Благоевград (Blagoevgrad);3;BG;2;91;
BG414;Перник (Pernik);3;BG;2;92;
BG415;Кюстендил (Kyustendil);3;BG;2;93;
BG42;Южен централен (Yuzhen tsentralen);2;BG;2;94;
BG421;Пловдив (Plovdiv);3;BG;2;95;
BG422;Хасково (Haskovo);3;BG;2;96;
BG423;Пазарджик (Pazardzhik);3;BG;2;97;
BG424;Смолян (Smolyan);3;BG;2;98;
BG425;Кърджали (Kardzhali);3;BG;2;99;
BGZ;EXTRA-REGIO NUTS 1;1;BG;2;100;
BGZZ;Extra-Regio NUTS 2;2;BG;2;101;
BGZZZ;Extra-Regio NUTS 3;3;BG;2;102;
CZ;ČESKÁ REPUBLIKA;0;CZ;3;103;
CZ0;ČESKÁ REPUBLIKA;1;CZ;3;104;
CZ01;Praha;2;CZ;3;105;
CZ010;Hlavní město Praha;3;CZ;3;106;
CZ02;Střední Čechy;2;CZ;3;107;
CZ020;Středočeský kraj;3;CZ;3;108;
CZ03;Jihozápad;2;CZ;3;109;
CZ031;Jihočeský kraj;3;CZ;3;110;
CZ032;Plzeňský kraj;3;CZ;3;111;
CZ04;Severozápad;2;CZ;3;112;
CZ041;Karlovarský kraj;3;CZ;3;113;
CZ042;Ústecký kraj;3;CZ;3;114;
CZ05;Severovýchod;2;CZ;3;115;
CZ051;Liberecký kraj;3;CZ;3;116;
CZ052;Královéhradecký kraj;3;CZ;3;117;
CZ053;Pardubický kraj;3;CZ;3;118;
CZ06;Jihovýchod;2;CZ;3;119;
CZ063;Kraj Vysočina;3;CZ;3;120;
CZ064;Jihomoravský kraj;3;CZ;3;121;
CZ07;Střední Morava;2;CZ;3;122;
CZ071;Olomoucký kraj;3;CZ;3;123;
CZ072;Zlínský kraj;3;CZ;3;124;
CZ08;Moravskoslezsko;2;CZ;3;125;
CZ080;Moravskoslezský kraj;3;CZ;3;126;
CZZ;EXTRA-REGIO NUTS 1;1;CZ;3;127;
CZZZ;Extra-Regio NUTS 2;2;CZ;3;128;
CZZZZ;Extra-Regio NUTS 3;3;CZ;3;129;
DK;DANMARK;0;DK;4;130;
DK0;DANMARK;1;DK;4;131;
DK01;Hovedstaden;2;DK;4;132;
DK011;Byen København;3;DK;4;133;
DK012;Københavns omegn;3;DK;4;134;
DK013;Nordsjælland;3;DK;4;135;
DK014;Bornholm;3;DK;4;136;
DK02;Sjælland;2;DK;4;137;
DK021;Østsjælland;3;DK;4;138;
DK022;Vest- og Sydsjælland;3;DK;4;139;
DK03;Syddanmark;2;DK;4;140;
DK031;Fyn;3;DK;4;141;
DK032;Sydjylland;3;DK;4;142;
DK04;Midtjylland;2;DK;4;143;
DK041;Vestjylland;3;DK;4;144;
DK042;Østjylland;3;DK;4;145;
DK05;Nordjylland;2;DK;4;146;
DK050;Nordjylland;3;DK;4;147;
DKZ;EXTRA-REGIO NUTS 1;1;DK;4;148;
DKZZ;Extra-Regio NUTS 2;2;DK;4;149;
DKZZZ;Extra-Regio NUTS 3;3;DK;4;150;
DE;DEUTSCHLAND ;0;DE;5;151;
DE1;BADEN-WÜRTTEMBERG;1;DE;5;152;
DE11;Stuttgart;2;DE;5;153;
DE111;Stuttgart, Stadtkreis;3;DE;5;154;
DE112;Böblingen;3;DE;5;155;
DE113;Esslingen;3;DE;5;156;
DE114;Göppingen;3;DE;5;157;
DE115;Ludwigsburg;3;DE;5;158;
DE116;Rems-Murr-Kreis;3;DE;5;159;
DE117;Heilbronn, Stadtkreis;3;DE;5;160;
DE118;Heilbronn, Landkreis;3;DE;5;161;
DE119;Hohenlohekreis;3;DE;5;162;
DE11A;Schwäbisch Hall;3;DE;5;163;
DE11B;Main-Tauber-Kreis;3;DE;5;164;
DE11C;Heidenheim;3;DE;5;165;
DE11D;Ostalbkreis;3;DE;5;166;
DE12;Karlsruhe;2;DE;5;167;
DE121;Baden-Baden, Stadtkreis;3;DE;5;168;
DE122;Karlsruhe, Stadtkreis;3;DE;5;169;
DE123;Karlsruhe, Landkreis;3;DE;5;170;
DE124;Rastatt;3;DE;5;171;
DE125;Heidelberg, Stadtkreis;3;DE;5;172;
DE126;Mannheim, Stadtkreis;3;DE;5;173;
DE127;Neckar-Odenwald-Kreis;3;DE;5;174;
DE128;Rhein-Neckar-Kreis;3;DE;5;175;
DE129;Pforzheim, Stadtkreis;3;DE;5;176;
DE12A;Calw;3;DE;5;177;
DE12B;Enzkreis;3;DE;5;178;
DE12C;Freudenstadt;3;DE;5;179;
DE13;Freiburg;2;DE;5;180;
DE131;Freiburg im Breisgau, Stadtkreis;3;DE;5;181;
DE132;Breisgau-Hochschwarzwald;3;DE;5;182;
DE133;Emmendingen;3;DE;5;183;
DE134;Ortenaukreis;3;DE;5;184;
DE135;Rottweil;3;DE;5;185;
DE136;Schwarzwald-Baar-Kreis;3;DE;5;186;
DE137;Tuttlingen;3;DE;5;187;
DE138;Konstanz;3;DE;5;188;
DE139;Lörrach;3;DE;5;189;
DE13A;Waldshut;3;DE;5;190;
DE14;Tübingen;2;DE;5;191;
DE141;Reutlingen;3;DE;5;192;
DE142;Tübingen, Landkreis;3;DE;5;193;
DE143;Zollernalbkreis;3;DE;5;194;
DE144;Ulm, Stadtkreis;3;DE;5;195;
DE145;Alb-Donau-Kreis;3;DE;5;196;
DE146;Biberach;3;DE;5;197;
DE147;Bodenseekreis;3;DE;5;198;
DE148;Ravensburg;3;DE;5;199;
DE149;Sigmaringen;3;DE;5;200;
DE2;BAYERN;1;DE;5;201;
DE21;Oberbayern;2;DE;5;202;
DE211;Ingolstadt, Kreisfreie Stadt;3;DE;5;203;
DE212;München, Kreisfreie Stadt;3;DE;5;204;
DE213;Rosenheim, Kreisfreie Stadt;3;DE;5;205;
DE214;Altötting;3;DE;5;206;
DE215;Berchtesgadener Land;3;DE;5;207;
DE216;Bad Tölz-Wolfratshausen;3;DE;5;208;
DE217;Dachau;3;DE;5;209;
DE218;Ebersberg;3;DE;5;210;
DE219;Eichstätt;3;DE;5;211;
DE21A;Erding;3;DE;5;212;
DE21B;Freising;3;DE;5;213;
DE21C;Fürstenfeldbruck;3;DE;5;214;
DE21D;Garmisch-Partenkirchen;3;DE;5;215;
DE21E;Landsberg am Lech;3;DE;5;216;
DE21F;Miesbach;3;DE;5;217;
DE21G;Mühldorf a. Inn;3;DE;5;218;
DE21H;München, Landkreis;3;DE;5;219;
DE21I;Neuburg-Schrobenhausen;3;DE;5;220;
DE21J;Pfaffenhofen a. d. Ilm;3;DE;5;221;
DE21K;Rosenheim, Landkreis;3;DE;5;222;
DE21L;Starnberg;3;DE;5;223;
DE21M;Traunstein;3;DE;5;224;
DE21N;Weilheim-Schongau;3;DE;5;225;
DE22;Niederbayern;2;DE;5;226;
DE221;Landshut, Kreisfreie Stadt;3;DE;5;227;
DE222;Passau, Kreisfreie Stadt;3;DE;5;228;
DE223;Straubing, Kreisfreie Stadt;3;DE;5;229;
DE224;Deggendorf;3;DE;5;230;
DE225;Freyung-Grafenau;3;DE;5;231;
DE226;Kelheim;3;DE;5;232;
DE227;Landshut, Landkreis;3;DE;5;233;
DE228;Passau, Landkreis;3;DE;5;234;
DE229;Regen;3;DE;5;235;
DE22A;Rottal-Inn;3;DE;5;236;
DE22B;Straubing-Bogen;3;DE;5;237;
DE22C;Dingolfing-Landau;3;DE;5;238;
DE23;Oberpfalz;2;DE;5;239;
DE231;Amberg, Kreisfreie Stadt;3;DE;5;240;
DE232;Regensburg, Kreisfreie Stadt;3;DE;5;241;
DE233;Weiden i. d. Opf, Kreisfreie Stadt;3;DE;5;242;
DE234;Amberg-Sulzbach;3;DE;5;243;
DE235;Cham;3;DE;5;244;
DE236;Neumarkt i. d. OPf.;3;DE;5;245;
DE237;Neustadt a. d. Waldnaab;3;DE;5;246;
DE238;Regensburg, Landkreis;3;DE;5;247;
DE239;Schwandorf;3;DE;5;248;
DE23A;Tirschenreuth;3;DE;5;249;
DE24;Oberfranken;2;DE;5;250;
DE241;Bamberg, Kreisfreie Stadt;3;DE;5;251;
DE242;Bayreuth, Kreisfreie Stadt;3;DE;5;252;
DE243;Coburg, Kreisfreie Stadt;3;DE;5;253;
DE244;Hof, Kreisfreie Stadt;3;DE;5;254;
DE245;Bamberg, Landkreis;3;DE;5;255;
DE246;Bayreuth, Landkreis;3;DE;5;256;
DE247;Coburg, Landkreis;3;DE;5;257;
DE248;Forchheim;3;DE;5;258;
DE249;Hof, Landkreis;3;DE;5;259;
DE24A;Kronach;3;DE;5;260;
DE24B;Kulmbach;3;DE;5;261;
DE24C;Lichtenfels;3;DE;5;262;
DE24D;Wunsiedel i. Fichtelgebirge;3;DE;5;263;
DE25;Mittelfranken;2;DE;5;264;
DE251;Ansbach, Kreisfreie Stadt;3;DE;5;265;
DE252;Erlangen, Kreisfreie Stadt;3;DE;5;266;
DE253;Fürth, Kreisfreie Stadt;3;DE;5;267;
DE254;Nürnberg, Kreisfreie Stadt;3;DE;5;268;
DE255;Schwabach, Kreisfreie Stadt;3;DE;5;269;
DE256;Ansbach, Landkreis;3;DE;5;270;
DE257;Erlangen-Höchstadt;3;DE;5;271;
DE258;Fürth, Landkreis;3;DE;5;272;
DE259;Nürnberger Land;3;DE;5;273;
DE25A;Neustadt a. d. Aisch-Bad Windsheim;3;DE;5;274;
DE25B;Roth;3;DE;5;275;
DE25C;Weißenburg-Gunzenhausen;3;DE;5;276;
DE26;Unterfranken;2;DE;5;277;
DE261;Aschaffenburg, Kreisfreie Stadt;3;DE;5;278;
DE262;Schweinfurt, Kreisfreie Stadt;3;DE;5;279;
DE263;Würzburg, Kreisfreie Stadt;3;DE;5;280;
DE264;Aschaffenburg, Landkreis;3;DE;5;281;
DE265;Bad Kissingen;3;DE;5;282;
DE266;Rhön-Grabfeld;3;DE;5;283;
DE267;Haßberge;3;DE;5;284;
DE268;Kitzingen;3;DE;5;285;
DE269;Miltenberg;3;DE;5;286;
DE26A;Main-Spessart;3;DE;5;287;
DE26B;Schweinfurt, Landkreis;3;DE;5;288;
DE26C;Würzburg, Landkreis;3;DE;5;289;
DE27;Schwaben;2;DE;5;290;
DE271;Augsburg, Kreisfreie Stadt;3;DE;5;291;
DE272;Kaufbeuren, Kreisfreie Stadt;3;DE;5;292;
DE273;Kempten (Allgäu), Kreisfreie Stadt;3;DE;5;293;
DE274;Memmingen, Kreisfreie Stadt;3;DE;5;294;
DE275;Aichach-Friedberg;3;DE;5;295;
DE276;Augsburg, Landkreis;3;DE;5;296;
DE277;Dillingen a.d. Donau;3;DE;5;297;
DE278;Günzburg;3;DE;5;298;
DE279;Neu-Ulm;3;DE;5;299;
DE27A;Lindau (Bodensee);3;DE;5;300;
DE27B;Ostallgäu;3;DE;5;301;
DE27C;Unterallgäu;3;DE;5;302;
DE27D;Donau-Ries;3;DE;5;303;
DE27E;Oberallgäu;3;DE;5;304;
DE3;BERLIN;1;DE;5;305;
DE30;Berlin;2;DE;5;306;
DE300;Berlin;3;DE;5;307;
DE4;BRANDENBURG;1;DE;5;308;
DE40;Brandenburg;2;DE;5;309;
DE401;Brandenburg an der Havel, Kreisfreie Stadt;3;DE;5;310;
DE402;Cottbus, Kreisfreie Stadt;3;DE;5;311;
DE403;Frankfurt (Oder), Kreisfreie Stadt;3;DE;5;312;
DE404;Potsdam, Kreisfreie Stadt;3;DE;5;313;
DE405;Barnim;3;DE;5;314;
DE406;Dahme-Spreewald;3;DE;5;315;
DE407;Elbe-Elster;3;DE;5;316;
DE408;Havelland;3;DE;5;317;
DE409;Märkisch-Oderland;3;DE;5;318;
DE40A;Oberhavel;3;DE;5;319;
DE40B;Oberspreewald-Lausitz;3;DE;5;320;
DE40C;Oder-Spree;3;DE;5;321;
DE40D;Ostprignitz-Ruppin;3;DE;5;322;
DE40E;Potsdam-Mittelmark;3;DE;5;323;
DE40F;Prignitz;3;DE;5;324;
DE40G;Spree-Neiße;3;DE;5;325;
DE40H;Teltow-Fläming;3;DE;5;326;
DE40I;Uckermark;3;DE;5;327;
DE5;BREMEN;1;DE;5;328;
DE50;Bremen;2;DE;5;329;
DE501;Bremen, Kreisfreie Stadt;3;DE;5;330;
DE502;Bremerhaven, Kreisfreie Stadt;3;DE;5;331;
DE6;HAMBURG;1;DE;5;332;
DE60;Hamburg;2;DE;5;333;
DE600;Hamburg;3;DE;5;334;
DE7;HESSEN;1;DE;5;335;
DE71;Darmstadt;2;DE;5;336;
DE711;Darmstadt, Kreisfreie Stadt;3;DE;5;337;
DE712;Frankfurt am Main, Kreisfreie Stadt;3;DE;5;338;
DE713;Offenbach am Main, Kreisfreie Stadt;3;DE;5;339;
DE714;Wiesbaden, Kreisfreie Stadt;3;DE;5;340;
DE715;Bergstraße;3;DE;5;341;
DE716;Darmstadt-Dieburg;3;DE;5;342;
DE717;Groß-Gerau;3;DE;5;343;
DE718;Hochtaunuskreis;3;DE;5;344;
DE719;Main-Kinzig-Kreis;3;DE;5;345;
DE71A;Main-Taunus-Kreis;3;DE;5;346;
DE71B;Odenwaldkreis;3;DE;5;347;
DE71C;Offenbach, Landkreis;3;DE;5;348;
DE71D;Rheingau-Taunus-Kreis;3;DE;5;349;
DE71E;Wetteraukreis;3;DE;5;350;
DE72;Gießen;2;DE;5;351;
DE721;Gießen, Landkreis;3;DE;5;352;
DE722;Lahn-Dill-Kreis;3;DE;5;353;
DE723;Limburg-Weilburg;3;DE;5;354;
DE724;Marburg-Biedenkopf;3;DE;5;355;
DE725;Vogelsbergkreis;3;DE;5;356;
DE73;Kassel;2;DE;5;357;
DE731;Kassel, Kreisfreie Stadt;3;DE;5;358;
DE732;Fulda;3;DE;5;359;
DE733;Hersfeld-Rotenburg;3;DE;5;360;
DE734;Kassel, Landkreis;3;DE;5;361;
DE735;Schwalm-Eder-Kreis;3;DE;5;362;
DE736;Waldeck-Frankenberg;3;DE;5;363;
DE737;Werra-Meißner-Kreis;3;DE;5;364;
DE8;MECKLENBURG-VORPOMMERN;1;DE;5;365;
DE80;Mecklenburg-Vorpommern;2;DE;5;366;
DE803;Rostock, Kreisfreie Stadt;3;DE;5;367;
DE804;Schwerin, Kreisfreie Stadt;3;DE;5;368;
DE80J;Mecklenburgische Seenplatte;3;DE;5;369;
DE80K;Landkreis Rostock;3;DE;5;370;
DE80L;Vorpommern-Rügen;3;DE;5;371;
DE80M;Nordwestmecklenburg;3;DE;5;372;
DE80N;Vorpommern-Greifswald;3;DE;5;373;
DE80O;Ludwigslust-Parchim;3;DE;5;374;
DE9;NIEDERSACHSEN;1;DE;5;375;
DE91;Braunschweig;2;DE;5;376;
DE911;Braunschweig, Kreisfreie Stadt;3;DE;5;377;
DE912;Salzgitter, Kreisfreie Stadt;3;DE;5;378;
DE913;Wolfsburg, Kreisfreie Stadt;3;DE;5;379;
DE914;Gifhorn;3;DE;5;380;
DE915;Göttingen;3;DE;5;381;
DE916;Goslar;3;DE;5;382;
DE917;Helmstedt;3;DE;5;383;
DE918;Northeim;3;DE;5;384;
DE919;Osterode am Harz;3;DE;5;385;
DE91A;Peine;3;DE;5;386;
DE91B;Wolfenbüttel;3;DE;5;387;
DE92;Hannover;2;DE;5;388;
DE922;Diepholz;3;DE;5;389;
DE923;Hameln-Pyrmont;3;DE;5;390;
DE925;Hildesheim;3;DE;5;391;
DE926;Holzminden;3;DE;5;392;
DE927;Nienburg (Weser);3;DE;5;393;
DE928;Schaumburg;3;DE;5;394;
DE929;Region Hannover;3;DE;5;395;
DE93;Lüneburg;2;DE;5;396;
DE931;Celle;3;DE;5;397;
DE932;Cuxhaven;3;DE;5;398;
DE933;Harburg;3;DE;5;399;
DE934;Lüchow-Dannenberg;3;DE;5;400;
DE935;Lüneburg, Landkreis;3;DE;5;401;
DE936;Osterholz;3;DE;5;402;
DE937;Rotenburg (Wümme);3;DE;5;403;
DE938;Heidekreis;3;DE;5;404;
DE939;Stade;3;DE;5;405;
DE93A;Uelzen;3;DE;5;406;
DE93B;Verden;3;DE;5;407;
DE94;Weser-Ems;2;DE;5;408;
DE941;Delmenhorst, Kreisfreie Stadt;3;DE;5;409;
DE942;Emden, Kreisfreie Stadt;3;DE;5;410;
DE943;Oldenburg (Oldenburg), Kreisfreie Stadt;3;DE;5;411;
DE944;Osnabrück, Kreisfreie Stadt;3;DE;5;412;
DE945;Wilhelmshaven, Kreisfreie Stadt;3;DE;5;413;
DE946;Ammerland;3;DE;5;414;
DE947;Aurich;3;DE;5;415;
DE948;Cloppenburg;3;DE;5;416;
DE949;Emsland;3;DE;5;417;
DE94A;Friesland (DE);3;DE;5;418;
DE94B;Grafschaft Bentheim;3;DE;5;419;
DE94C;Leer;3;DE;5;420;
DE94D;Oldenburg, Landkreis;3;DE;5;421;
DE94E;Osnabrück, Landkreis;3;DE;5;422;
DE94F;Vechta;3;DE;5;423;
DE94G;Wesermarsch;3;DE;5;424;
DE94H;Wittmund;3;DE;5;425;
DEA;NORDRHEIN-WESTFALEN;1;DE;5;426;
DEA1;Düsseldorf;2;DE;5;427;
DEA11;Düsseldorf, Kreisfreie Stadt;3;DE;5;428;
DEA12;Duisburg, Kreisfreie Stadt;3;DE;5;429;
DEA13;Essen, Kreisfreie Stadt;3;DE;5;430;
DEA14;Krefeld, Kreisfreie Stadt;3;DE;5;431;
DEA15;Mönchengladbach, Kreisfreie Stadt;3;DE;5;432;
DEA16;Mülheim an der Ruhr,Kreisfreie Stadt;3;DE;5;433;
DEA17;Oberhausen, Kreisfreie Stadt;3;DE;5;434;
DEA18;Remscheid, Kreisfreie Stadt;3;DE;5;435;
DEA19;Solingen, Kreisfreie Stadt;3;DE;5;436;
DEA1A;Wuppertal, Kreisfreie Stadt;3;DE;5;437;
DEA1B;Kleve;3;DE;5;438;
DEA1C;Mettmann;3;DE;5;439;
DEA1D;Rhein-Kreis Neuss;3;DE;5;440;
DEA1E;Viersen;3;DE;5;441;
DEA1F;Wesel;3;DE;5;442;
DEA2;Köln;2;DE;5;443;
DEA22;Bonn, Kreisfreie Stadt;3;DE;5;444;
DEA23;Köln, Kreisfreie Stadt;3;DE;5;445;
DEA24;Leverkusen, Kreisfreie Stadt;3;DE;5;446;
DEA26;Düren;3;DE;5;447;
DEA27;Rhein-Erft-Kreis;3;DE;5;448;
DEA28;Euskirchen;3;DE;5;449;
DEA29;Heinsberg;3;DE;5;450;
DEA2A;Oberbergischer Kreis;3;DE;5;451;
DEA2B;Rheinisch-Bergischer Kreis;3;DE;5;452;
DEA2C;Rhein-Sieg-Kreis;3;DE;5;453;
DEA2D;Städteregion Aachen;3;DE;5;454;
DEA3;Münster;2;DE;5;455;
DEA31;Bottrop, Kreisfreie Stadt;3;DE;5;456;
DEA32;Gelsenkirchen, Kreisfreie Stadt;3;DE;5;457;
DEA33;Münster, Kreisfreie Stadt;3;DE;5;458;
DEA34;Borken;3;DE;5;459;
DEA35;Coesfeld;3;DE;5;460;
DEA36;Recklinghausen;3;DE;5;461;
DEA37;Steinfurt;3;DE;5;462;
DEA38;Warendorf;3;DE;5;463;
DEA4;Detmold;2;DE;5;464;
DEA41;Bielefeld, Kreisfreie Stadt;3;DE;5;465;
DEA42;Gütersloh;3;DE;5;466;
DEA43;Herford;3;DE;5;467;
DEA44;Höxter;3;DE;5;468;
DEA45;Lippe;3;DE;5;469;
DEA46;Minden-Lübbecke;3;DE;5;470;
DEA47;Paderborn;3;DE;5;471;
DEA5;Arnsberg;2;DE;5;472;
DEA51;Bochum, Kreisfreie Stadt;3;DE;5;473;
DEA52;Dortmund, Kreisfreie Stadt;3;DE;5;474;
DEA53;Hagen, Kreisfreie Stadt;3;DE;5;475;
DEA54;Hamm, Kreisfreie Stadt;3;DE;5;476;
DEA55;Herne, Kreisfreie Stadt;3;DE;5;477;
DEA56;Ennepe-Ruhr-Kreis;3;DE;5;478;
DEA57;Hochsauerlandkreis;3;DE;5;479;
DEA58;Märkischer Kreis;3;DE;5;480;
DEA59;Olpe;3;DE;5;481;
DEA5A;Siegen-Wittgenstein;3;DE;5;482;
DEA5B;Soest;3;DE;5;483;
DEA5C;Unna;3;DE;5;484;
DEB;RHEINLAND-PFALZ;1;DE;5;485;
DEB1;Koblenz;2;DE;5;486;
DEB11;Koblenz, Kreisfreie Stadt;3;DE;5;487;
DEB12;Ahrweiler;3;DE;5;488;
DEB13;Altenkirchen (Westerwald);3;DE;5;489;
DEB14;Bad Kreuznach;3;DE;5;490;
DEB15;Birkenfeld;3;DE;5;491;
DEB16;Cochem-Zell;3;DE;5;492;
DEB17;Mayen-Koblenz;3;DE;5;493;
DEB18;Neuwied;3;DE;5;494;
DEB19;Rhein-Hunsrück-Kreis;3;DE;5;495;
DEB1A;Rhein-Lahn-Kreis;3;DE;5;496;
DEB1B;Westerwaldkreis;3;DE;5;497;
DEB2;Trier;2;DE;5;498;
DEB21;Trier, Kreisfreie Stadt;3;DE;5;499;
DEB22;Bernkastel-Wittlich;3;DE;5;500;
DEB23;Eifelkreis Bitburg-Prüm;3;DE;5;501;
DEB24;Vulkaneifel;3;DE;5;502;
DEB25;Trier-Saarburg;3;DE;5;503;
DEB3;Rheinhessen-Pfalz;2;DE;5;504;
DEB31;Frankenthal (Pfalz), Kreisfreie Stadt;3;DE;5;505;
DEB32;Kaiserslautern, Kreisfreie Stadt;3;DE;5;506;
DEB33;Landau in der Pfalz, Kreisfreie Stadt;3;DE;5;507;
DEB34;Ludwigshafen am Rhein, Kreisfreie Stadt;3;DE;5;508;
DEB35;Mainz, Kreisfreie Stadt;3;DE;5;509;
DEB36;Neustadt an der Weinstraße, Kreisfreie Stadt;3;DE;5;510;
DEB37;Pirmasens, Kreisfreie Stadt;3;DE;5;511;
DEB38;Speyer, Kreisfreie Stadt;3;DE;5;512;
DEB39;Worms, Kreisfreie Stadt;3;DE;5;513;
DEB3A;Zweibrücken, Kreisfreie Stadt;3;DE;5;514;
DEB3B;Alzey-Worms;3;DE;5;515;
DEB3C;Bad Dürkheim;3;DE;5;516;
DEB3D;Donnersbergkreis;3;DE;5;517;
DEB3E;Germersheim;3;DE;5;518;
DEB3F;Kaiserslautern, Landkreis;3;DE;5;519;
DEB3G;Kusel;3;DE;5;520;
DEB3H;Südliche Weinstraße;3;DE;5;521;
DEB3I;Rhein-Pfalz-Kreis;3;DE;5;522;
DEB3J;Mainz-Bingen;3;DE;5;523;
DEB3K;Südwestpfalz;3;DE;5;524;
DEC;SAARLAND;1;DE;5;525;
DEC0;Saarland;2;DE;5;526;
DEC01;Regionalverband Saarbrücken;3;DE;5;527;
DEC02;Merzig-Wadern;3;DE;5;528;
DEC03;Neunkirchen;3;DE;5;529;
DEC04;Saarlouis;3;DE;5;530;
DEC05;Saarpfalz-Kreis;3;DE;5;531;
DEC06;St. Wendel;3;DE;5;532;
DED;SACHSEN;1;DE;5;533;
DED2;Dresden;2;DE;5;534;
DED21;Dresden, Kreisfreie Stadt;3;DE;5;535;
DED2C;Bautzen;3;DE;5;536;
DED2D;Görlitz;3;DE;5;537;
DED2E;Meißen;3;DE;5;538;
DED2F;Sächsische Schweiz-Osterzgebirge;3;DE;5;539;
DED4;Chemnitz;2;DE;5;540;
DED41;Chemnitz, Kreisfreie Stadt;3;DE;5;541;
DED42;Erzgebirgskreis;3;DE;5;542;
DED43;Mittelsachsen;3;DE;5;543;
DED44;Vogtlandkreis;3;DE;5;544;
DED45;Zwickau;3;DE;5;545;
DED5;Leipzig;2;DE;5;546;
DED51;Leipzig, Kreisfreie Stadt;3;DE;5;547;
DED52;Leipzig;3;DE;5;548;
DED53;Nordsachsen;3;DE;5;549;
DEE;SACHSEN-ANHALT;1;DE;5;550;
DEE0;Sachsen-Anhalt;2;DE;5;551;
DEE01;Dessau-Roßlau, Kreisfreie Stadt;3;DE;5;552;
DEE02;Halle (Saale), Kreisfreie Stadt;3;DE;5;553;
DEE03;Magdeburg, Kreisfreie Stadt;3;DE;5;554;
DEE04;Altmarkkreis Salzwedel;3;DE;5;555;
DEE05;Anhalt-Bitterfeld;3;DE;5;556;
DEE06;Jerichower Land;3;DE;5;557;
DEE07;Börde;3;DE;5;558;
DEE08;Burgenland (DE);3;DE;5;559;
DEE09;Harz;3;DE;5;560;
DEE0A;Mansfeld-Südharz;3;DE;5;561;
DEE0B;Saalekreis;3;DE;5;562;
DEE0C;Salzlandkreis;3;DE;5;563;
DEE0D;Stendal;3;DE;5;564;
DEE0E;Wittenberg;3;DE;5;565;
DEF;SCHLESWIG-HOLSTEIN;1;DE;5;566;
DEF0;Schleswig-Holstein;2;DE;5;567;
DEF01;Flensburg, Kreisfreie Stadt;3;DE;5;568;
DEF02;Kiel, Kreisfreie Stadt;3;DE;5;569;
DEF03;Lübeck, Kreisfreie Stadt;3;DE;5;570;
DEF04;Neumünster, Kreisfreie Stadt;3;DE;5;571;
DEF05;Dithmarschen;3;DE;5;572;
DEF06;Herzogtum Lauenburg;3;DE;5;573;
DEF07;Nordfriesland;3;DE;5;574;
DEF08;Ostholstein;3;DE;5;575;
DEF09;Pinneberg;3;DE;5;576;
DEF0A;Plön;3;DE;5;577;
DEF0B;Rendsburg-Eckernförde;3;DE;5;578;
DEF0C;Schleswig-Flensburg;3;DE;5;579;
DEF0D;Segeberg;3;DE;5;580;
DEF0E;Steinburg;3;DE;5;581;
DEF0F;Stormarn;3;DE;5;582;
DEG;THÜRINGEN;1;DE;5;583;
DEG0;Thüringen;2;DE;5;584;
DEG01;Erfurt, Kreisfreie Stadt;3;DE;5;585;
DEG02;Gera, Kreisfreie Stadt;3;DE;5;586;
DEG03;Jena, Kreisfreie Stadt;3;DE;5;587;
DEG04;Suhl, Kreisfreie Stadt;3;DE;5;588;
DEG05;Weimar, Kreisfreie Stadt;3;DE;5;589;
DEG06;Eichsfeld;3;DE;5;590;
DEG07;Nordhausen;3;DE;5;591;
DEG09;Unstrut-Hainich-Kreis;3;DE;5;592;
DEG0A;Kyffhäuserkreis;3;DE;5;593;
DEG0B;Schmalkalden-Meiningen;3;DE;5;594;
DEG0C;Gotha;3;DE;5;595;
DEG0D;Sömmerda;3;DE;5;596;
DEG0E;Hildburghausen;3;DE;5;597;
DEG0F;Ilm-Kreis;3;DE;5;598;
DEG0G;Weimarer Land;3;DE;5;599;
DEG0H;Sonneberg;3;DE;5;600;
DEG0I;Saalfeld-Rudolstadt;3;DE;5;601;
DEG0J;Saale-Holzland-Kreis;3;DE;5;602;
DEG0K;Saale-Orla-Kreis;3;DE;5;603;
DEG0L;Greiz;3;DE;5;604;
DEG0M;Altenburger Land;3;DE;5;605;
DEG0N;Eisenach, Kreisfreie Stadt;3;DE;5;606;
DEG0P;Wartburgkreis;3;DE;5;607;
DEZ;EXTRA-REGIO NUTS 1;1;DE;5;608;
DEZZ;Extra-Regio NUTS 2;2;DE;5;609;
DEZZZ;Extra-Regio NUTS 3;3;DE;5;610;
EE;EESTI;0;EE;6;611;
EE0;EESTI;1;EE;6;612;
EE00;Eesti;2;EE;6;613;
EE001;Põhja-Eesti;3;EE;6;614;
EE004;Lääne-Eesti;3;EE;6;615;
EE006;Kesk-Eesti;3;EE;6;616;
EE007;Kirde-Eesti;3;EE;6;617;
EE008;Lõuna-Eesti;3;EE;6;618;
EEZ;EXTRA-REGIO NUTS 1;1;EE;6;619;
EEZZ;Extra-Regio NUTS 2;2;EE;6;620;
EEZZZ;Extra-Regio NUTS 3;3;EE;6;621;
IE;IRELAND;0;IE;7;622;
IE0;IRELAND;1;IE;7;623;
IE01;Border, Midland and Western;2;IE;7;624;
IE011;Border;3;IE;7;625;
IE012;Midland;3;IE;7;626;
IE013;West;3;IE;7;627;
IE02;Southern and Eastern;2;IE;7;628;
IE021;Dublin;3;IE;7;629;
IE022;Mid-East;3;IE;7;630;
IE023;Mid-West;3;IE;7;631;
IE024;South-East (IE);3;IE;7;632;
IE025;South-West (IE);3;IE;7;633;
IEZ;EXTRA-REGIO NUTS 1;1;IE;7;634;
IEZZ;Extra-Regio NUTS 2;2;IE;7;635;
IEZZZ;Extra-Regio NUTS 3;3;IE;7;636;
EL;ΕΛΛΑΔΑ (ELLADA);0;EL;8;637;
EL3;ATTIKΗ (ATTIKI);1;EL;8;638;
EL30;Aττική (Attiki);2;EL;8;639;
EL301;Βόρειος Τομέας Αθηνών (Voreios Tomeas Athinon);3;EL;8;640;
EL302;Δυτικός Τομέας Αθηνών (Dytikos Tomeas Athinon);3;EL;8;641;
EL303;Κεντρικός Τομέας Αθηνών (Kentrikos Tomeas Athinon);3;EL;8;642;
EL304;Νότιος Τομέας Αθηνών (Notios Tomeas Athinon);3;EL;8;643;
EL305;Ανατολική Αττική (Anatoliki Attiki);3;EL;8;644;
EL306;Δυτική Αττική (Dytiki Attiki);3;EL;8;645;
EL307;Πειραιάς, Νήσοι (Peiraias, Nisoi);3;EL;8;646;
EL4;NΗΣΙΑ ΑΙΓΑΙΟΥ, KΡΗΤΗ (NISIA AIGAIOU, KRITI);1;EL;8;647;
EL41;Βόρειο Αιγαίο (Voreio Aigaio);2;EL;8;648;
EL411;Λέσβος, Λήμνος (Lesvos, Limnos);3;EL;8;649;
EL412;Ικαρία, Σάμος (Ikaria, Samos);3;EL;8;650;
EL413;Χίος (Chios);3;EL;8;651;
EL42;Νότιο Αιγαίο (Notio Aigaio);2;EL;8;652;
EL421;Κάλυμνος, Κάρπαθος, Κως, Ρόδος (Kalymnos, Karpathos, Kos, Rodos);3;EL;8;653;
EL422;Άνδρος, Θήρα, Κέα, Μήλος, Μύκονος, Νάξος, Πάρος, Σύρος, Τήνος (Andros, Thira, Kea, Milos, Mykonos, Naxos, Paros,  Syros, Tinos);3;EL;8;654;
EL43;Κρήτη (Kriti);2;EL;8;655;
EL431;Ηράκλειο (Irakleio);3;EL;8;656;
EL432;Λασίθι (Lasithi);3;EL;8;657;
EL433;Ρεθύμνη (Rethymni);3;EL;8;658;
EL434;Χανιά (Chania);3;EL;8;659;
EL5;ΒΟΡΕΙΑ ΕΛΛΑΔΑ (VOREIA ELLADA);1;EL;8;660;
EL51;Aνατολική Μακεδονία, Θράκη (Anatoliki Makedonia, Thraki);2;EL;8;661;
EL511;Έβρος (Evros);3;EL;8;662;
EL512;Ξάνθη (Xanthi);3;EL;8;663;
EL513;Ροδόπη (Rodopi);3;EL;8;664;
EL514;Δράμα (Drama);3;EL;8;665;
EL515;Θάσος, Καβάλα (Thasos, Kavala);3;EL;8;666;
EL52;Κεντρική Μακεδονία (Kentriki Makedonia);2;EL;8;667;
EL521;Ημαθία (Imathia);3;EL;8;668;
EL522;Θεσσαλονίκη (Thessaloniki);3;EL;8;669;
EL523;Κιλκίς (Kilkis);3;EL;8;670;
EL524;Πέλλα (Pella);3;EL;8;671;
EL525;Πιερία (Pieria);3;EL;8;672;
EL526;Σέρρες (Serres);3;EL;8;673;
EL527;Χαλκιδική (Chalkidiki);3;EL;8;674;
EL53;Δυτική Μακεδονία (Dytiki Makedonia);2;EL;8;675;
EL531;Γρεβενά, Κοζάνη (Grevena, Kozani);3;EL;8;676;
EL532;Καστοριά (Kastoria);3;EL;8;677;
EL533;Φλώρινα (Florina);3;EL;8;678;
EL54;Ήπειρος (Ipeiros);2;EL;8;679;
EL541;Άρτα, Πρέβεζα (Arta, Preveza);3;EL;8;680;
EL542;Θεσπρωτία (Thesprotia);3;EL;8;681;
EL543;Ιωάννινα (Ioannina);3;EL;8;682;
EL6;ΚΕΝΤΡΙΚΗ ΕΛΛΑΔΑ (KENTRIKI ELLADA);1;EL;8;683;
EL61;Θεσσαλία (Thessalia);2;EL;8;684;
EL611;Καρδίτσα, Τρίκαλα (Karditsa, Trikala);3;EL;8;685;
EL612;Λάρισα (Larisa);3;EL;8;686;
EL613;Μαγνησία (Magnisia);3;EL;8;687;
EL62;Ιόνια Νησιά (Ionia Nisia);2;EL;8;688;
EL621;Ζάκυνθος (Zakynthos);3;EL;8;689;
EL622;Κέρκυρα (Kerkyra);3;EL;8;690;
EL623;Ιθάκη, Κεφαλληνία (Ithaki, Kefallinia);3;EL;8;691;
EL624;Λευκάδα (Lefkada);3;EL;8;692;
EL63;Δυτική Ελλάδα (Dytiki Ellada);2;EL;8;693;
EL631;Αιτωλοακαρνανία (Aitoloakarnania);3;EL;8;694;
EL632;Αχαΐα (Achaia);3;EL;8;695;
EL633;Ηλεία (Ileia);3;EL;8;696;
EL64;Στερεά Ελλάδα (Sterea Ellada);2;EL;8;697;
EL641;Βοιωτία (Voiotia);3;EL;8;698;
EL642;Εύβοια (Evvoia);3;EL;8;699;
EL643;Ευρυτανία (Evrytania);3;EL;8;700;
EL644;Φθιώτιδα (Fthiotida);3;EL;8;701;
EL645;Φωκίδα (Fokida);3;EL;8;702;
EL65;Πελοπόννησος (Peloponnisos);2;EL;8;703;
EL651;Αργολίδα, Αρκαδία (Argolida, Arkadia);3;EL;8;704;
EL652;Κορινθία (Korinthia);3;EL;8;705;
EL653;Λακωνία, Μεσσηνία (Lakonia, Messinia);3;EL;8;706;
ELZ;EXTRA-REGIO NUTS 1;1;EL;8;707;
ELZZ;Extra-Regio NUTS 2;2;EL;8;708;
ELZZZ;Extra-Regio NUTS 3;3;EL;8;709;
ES;ESPAÑA ;0;ES;9;710;
ES1;NOROESTE;1;ES;9;711;
ES11;Galicia;2;ES;9;712;
ES111;A Coruña;3;ES;9;713;
ES112;Lugo;3;ES;9;714;
ES113;Ourense;3;ES;9;715;
ES114;Pontevedra;3;ES;9;716;
ES12;Principado de Asturias;2;ES;9;717;
ES120;Asturias;3;ES;9;718;
ES13;Cantabria;2;ES;9;719;
ES130;Cantabria;3;ES;9;720;
ES2;NORESTE;1;ES;9;721;
ES21;País Vasco;2;ES;9;722;
ES211;Araba/Álava;3;ES;9;723;
ES212;Gipuzkoa;3;ES;9;724;
ES213;Bizkaia;3;ES;9;725;
ES22;Comunidad Foral de Navarra;2;ES;9;726;
ES220;Navarra;3;ES;9;727;
ES23;La Rioja;2;ES;9;728;
ES230;La Rioja;3;ES;9;729;
ES24;Aragón;2;ES;9;730;
ES241;Huesca;3;ES;9;731;
ES242;Teruel;3;ES;9;732;
ES243;Zaragoza;3;ES;9;733;
ES3;COMUNIDAD DE MADRID;1;ES;9;734;
ES30;Comunidad de Madrid;2;ES;9;735;
ES300;Madrid;3;ES;9;736;
ES4;CENTRO (ES);1;ES;9;737;
ES41;Castilla y León;2;ES;9;738;
ES411;Ávila;3;ES;9;739;
ES412;Burgos;3;ES;9;740;
ES413;León;3;ES;9;741;
ES414;Palencia;3;ES;9;742;
ES415;Salamanca;3;ES;9;743;
ES416;Segovia;3;ES;9;744;
ES417;Soria;3;ES;9;745;
ES418;Valladolid;3;ES;9;746;
ES419;Zamora;3;ES;9;747;
ES42;Castilla-La Mancha;2;ES;9;748;
ES421;Albacete;3;ES;9;749;
ES422;Ciudad Real;3;ES;9;750;
ES423;Cuenca;3;ES;9;751;
ES424;Guadalajara;3;ES;9;752;
ES425;Toledo;3;ES;9;753;
ES43;Extremadura;2;ES;9;754;
ES431;Badajoz;3;ES;9;755;
ES432;Cáceres;3;ES;9;756;
ES5;ESTE;1;ES;9;757;
ES51;Cataluña;2;ES;9;758;
ES511;Barcelona;3;ES;9;759;
ES512;Girona;3;ES;9;760;
ES513;Lleida;3;ES;9;761;
ES514;Tarragona;3;ES;9;762;
ES52;Comunidad Valenciana;2;ES;9;763;
ES521;Alicante / Alacant;3;ES;9;764;
ES522;Castellón / Castelló;3;ES;9;765;
ES523;Valencia / València;3;ES;9;766;
ES53;Illes Balears;2;ES;9;767;
ES531;Eivissa y Formentera;3;ES;9;768;
ES532;Mallorca;3;ES;9;769;
ES533;Menorca;3;ES;9;770;
ES6;SUR;1;ES;9;771;
ES61;Andalucía;2;ES;9;772;
ES611;Almería;3;ES;9;773;
ES612;Cádiz;3;ES;9;774;
ES613;Córdoba;3;ES;9;775;
ES614;Granada;3;ES;9;776;
ES615;Huelva;3;ES;9;777;
ES616;Jaén;3;ES;9;778;
ES617;Málaga;3;ES;9;779;
ES618;Sevilla;3;ES;9;780;
ES62;Región de Murcia;2;ES;9;781;
ES620;Murcia;3;ES;9;782;
ES63;Ciudad Autónoma de Ceuta;2;ES;9;783;
ES630;Ceuta;3;ES;9;784;
ES64;Ciudad Autónoma de Melilla;2;ES;9;785;
ES640;Melilla;3;ES;9;786;
ES7;CANARIAS;1;ES;9;787;
ES70;Canarias;2;ES;9;788;
ES703;El Hierro;3;ES;9;789;
ES704;Fuerteventura;3;ES;9;790;
ES705;Gran Canaria;3;ES;9;791;
ES706;La Gomera;3;ES;9;792;
ES707;La Palma;3;ES;9;793;
ES708;Lanzarote;3;ES;9;794;
ES709;Tenerife;3;ES;9;795;
ESZ;EXTRA-REGIO NUTS 1;1;ES;9;796;
ESZZ;Extra-Regio NUTS 2;2;ES;9;797;
ESZZZ;Extra-Regio NUTS 3;3;ES;9;798;
FR;FRANCE;0;FR;10;799;
FR1;ÎLE DE FRANCE;1;FR;10;800;
FR10;Île de France;2;FR;10;801;
FR101;Paris;3;FR;10;802;
FR102;Seine-et-Marne;3;FR;10;803;
FR103;Yvelines;3;FR;10;804;
FR104;Essonne;3;FR;10;805;
FR105;Hauts-de-Seine;3;FR;10;806;
FR106;Seine-Saint-Denis;3;FR;10;807;
FR107;Val-de-Marne;3;FR;10;808;
FR108;Val-d'Oise;3;FR;10;809;
FR2;BASSIN PARISIEN;1;FR;10;810;
FR21;Champagne-Ardenne;2;FR;10;811;
FR211;Ardennes;3;FR;10;812;
FR212;Aube;3;FR;10;813;
FR213;Marne;3;FR;10;814;
FR214;Haute-Marne;3;FR;10;815;
FR22;Picardie;2;FR;10;816;
FR221;Aisne;3;FR;10;817;
FR222;Oise;3;FR;10;818;
FR223;Somme;3;FR;10;819;
FR23;Haute-Normandie;2;FR;10;820;
FR231;Eure;3;FR;10;821;
FR232;Seine-Maritime;3;FR;10;822;
FR24;Centre;2;FR;10;823;
FR241;Cher;3;FR;10;824;
FR242;Eure-et-Loir;3;FR;10;825;
FR243;Indre;3;FR;10;826;
FR244;Indre-et-Loire;3;FR;10;827;
FR245;Loir-et-Cher;3;FR;10;828;
FR246;Loiret;3;FR;10;829;
FR25;Basse-Normandie;2;FR;10;830;
FR251;Calvados;3;FR;10;831;
FR252;Manche;3;FR;10;832;
FR253;Orne;3;FR;10;833;
FR26;Bourgogne;2;FR;10;834;
FR261;Côte-d'Or;3;FR;10;835;
FR262;Nièvre;3;FR;10;836;
FR263;Saône-et-Loire;3;FR;10;837;
FR264;Yonne;3;FR;10;838;
FR3;NORD - PAS-DE-CALAIS;1;FR;10;839;
FR30;Nord - Pas-de-Calais;2;FR;10;840;
FR301;Nord;3;FR;10;841;
FR302;Pas-de-Calais;3;FR;10;842;
FR4;EST;1;FR;10;843;
FR41;Lorraine;2;FR;10;844;
FR411;Meurthe-et-Moselle;3;FR;10;845;
FR412;Meuse;3;FR;10;846;
FR413;Moselle;3;FR;10;847;
FR414;Vosges;3;FR;10;848;
FR42;Alsace;2;FR;10;849;
FR421;Bas-Rhin;3;FR;10;850;
FR422;Haut-Rhin;3;FR;10;851;
FR43;Franche-Comté;2;FR;10;852;
FR431;Doubs;3;FR;10;853;
FR432;Jura;3;FR;10;854;
FR433;Haute-Saône;3;FR;10;855;
FR434;Territoire de Belfort;3;FR;10;856;`
FR5;OUEST;1;FR;10;857;
FR51;Pays de la Loire;2;FR;10;858;
FR511;Loire-Atlantique;3;FR;10;859;
FR512;Maine-et-Loire;3;FR;10;860;
FR513;Mayenne;3;FR;10;861;
FR514;Sarthe;3;FR;10;862;
FR515;Vendée;3;FR;10;863;
FR52;Bretagne;2;FR;10;864;
FR521;Côtes-d'Armor;3;FR;10;865;
FR522;Finistère;3;FR;10;866;
FR523;Ille-et-Vilaine;3;FR;10;867;
FR524;Morbihan;3;FR;10;868;
FR53;Poitou-Charentes;2;FR;10;869;
FR531;Charente;3;FR;10;870;
FR532;Charente-Maritime;3;FR;10;871;
FR533;Deux-Sèvres;3;FR;10;872;
FR534;Vienne;3;FR;10;873;
FR6;SUD-OUEST;1;FR;10;874;
FR61;Aquitaine;2;FR;10;875;
FR611;Dordogne;3;FR;10;876;
FR612;Gironde;3;FR;10;877;
FR613;Landes;3;FR;10;878;
FR614;Lot-et-Garonne;3;FR;10;879;
FR615;Pyrénées-Atlantiques;3;FR;10;880;
FR62;Midi-Pyrénées;2;FR;10;881;
FR621;Ariège;3;FR;10;882;
FR622;Aveyron;3;FR;10;883;
FR623;Haute-Garonne;3;FR;10;884;
FR624;Gers;3;FR;10;885;
FR625;Lot;3;FR;10;886;
FR626;Hautes-Pyrénées;3;FR;10;887;
FR627;Tarn;3;FR;10;888;
FR628;Tarn-et-Garonne;3;FR;10;889;
FR63;Limousin;2;FR;10;890;
FR631;Corrèze;3;FR;10;891;
FR632;Creuse;3;FR;10;892;
FR633;Haute-Vienne;3;FR;10;893;
FR7;CENTRE-EST;1;FR;10;894;
FR71;Rhône-Alpes;2;FR;10;895;
FR711;Ain;3;FR;10;896;
FR712;Ardèche;3;FR;10;897;
FR713;Drôme;3;FR;10;898;
FR714;Isère;3;FR;10;899;
FR715;Loire;3;FR;10;900;
FR716;Rhône;3;FR;10;901;
FR717;Savoie;3;FR;10;902;
FR718;Haute-Savoie;3;FR;10;903;
FR72;Auvergne;2;FR;10;904;
FR721;Allier;3;FR;10;905;
FR722;Cantal;3;FR;10;906;
FR723;Haute-Loire;3;FR;10;907;
FR724;Puy-de-Dôme;3;FR;10;908;
FR8;MÉDITERRANÉE;1;FR;10;909;
FR81;Languedoc-Roussillon;2;FR;10;910;
FR811;Aude;3;FR;10;911;
FR812;Gard;3;FR;10;912;
FR813;Hérault;3;FR;10;913;
FR814;Lozère;3;FR;10;914;
FR815;Pyrénées-Orientales;3;FR;10;915;
FR82;Provence-Alpes-Côte d'Azur;2;FR;10;916;
FR821;Alpes-de-Haute-Provence;3;FR;10;917;
FR822;Hautes-Alpes;3;FR;10;918;
FR823;Alpes-Maritimes;3;FR;10;919;
FR824;Bouches-du-Rhône;3;FR;10;920;
FR825;Var;3;FR;10;921;
FR826;Vaucluse;3;FR;10;922;
FR83;Corse;2;FR;10;923;
FR831;Corse-du-Sud;3;FR;10;924;
FR832;Haute-Corse;3;FR;10;925;
FRA;DÉPARTEMENTS D'OUTRE-MER;1;FR;10;926;
FRA1;Guadeloupe;2;FR;10;927;
FRA10;Guadeloupe;3;FR;10;928;
FRA2;Martinique;2;FR;10;929;
FRA20;Martinique;3;FR;10;930;
FRA3;Guyane;2;FR;10;931;
FRA30;Guyane;3;FR;10;932;
FRA4;La Réunion;2;FR;10;933;
FRA40;La Réunion;3;FR;10;934;
FRA5;Mayotte;2;FR;10;935;
FRA50;Mayotte;3;FR;10;936;
FRZ;EXTRA-REGIO NUTS 1;1;FR;10;937;
FRZZ;Extra-Regio NUTS 2;2;FR;10;938;
FRZZZ;Extra-Regio NUTS 3;3;FR;10;939;
HR;HRVATSKA;0;HR;11;940;
HR0;HRVATSKA;1;HR;11;941;
HR03;Jadranska Hrvatska;2;HR;11;942;
HR031;Primorsko-goranska županija;3;HR;11;943;
HR032;Ličko-senjska županija;3;HR;11;944;
HR033;Zadarska županija;3;HR;11;945;
HR034;Šibensko-kninska županija;3;HR;11;946;
HR035;Splitsko-dalmatinska županija;3;HR;11;947;
HR036;Istarska županija;3;HR;11;948;
HR037;Dubrovačko-neretvanska županija;3;HR;11;949;
HR04;Kontinentalna Hrvatska;2;HR;11;950;
HR041;Grad Zagreb;3;HR;11;951;
HR042;Zagrebačka županija;3;HR;11;952;
HR043;Krapinsko-zagorska županija;3;HR;11;953;
HR044;Varaždinska županija;3;HR;11;954;
HR045;Koprivničko-križevačka županija;3;HR;11;955;
HR046;Međimurska županija;3;HR;11;956;
HR047;Bjelovarsko-bilogorska županija;3;HR;11;957;
HR048;Virovitičko-podravska županija;3;HR;11;958;
HR049;Požeško-slavonska županija;3;HR;11;959;
HR04A;Brodsko-posavska županija;3;HR;11;960;
HR04B;Osječko-baranjska županija;3;HR;11;961;
HR04C;Vukovarsko-srijemska županija;3;HR;11;962;
HR04D;Karlovačka županija;3;HR;11;963;
HR04E;Sisačko-moslavačka županija;3;HR;11;964;
HRZ;EXTRA-REGIO NUTS 1;1;HR;11;965;
HRZZ;Extra-Regio NUTS 2;2;HR;11;966;
HRZZZ;Extra-Regio NUTS 3;3;HR;11;967;
IT;ITALIA ;0;IT;12;968;
ITC;NORD-OVEST;1;IT;12;969;
ITC1;Piemonte;2;IT;12;970;
ITC11;Torino;3;IT;12;971;
ITC12;Vercelli;3;IT;12;972;
ITC13;Biella;3;IT;12;973;
ITC14;Verbano-Cusio-Ossola;3;IT;12;974;
ITC15;Novara;3;IT;12;975;
ITC16;Cuneo;3;IT;12;976;
ITC17;Asti;3;IT;12;977;
ITC18;Alessandria;3;IT;12;978;
ITC2;Valle d'Aosta/Vallée d'Aoste;2;IT;12;979;
ITC20;Valle d'Aosta/Vallée d'Aoste;3;IT;12;980;
ITC3;Liguria;2;IT;12;981;
ITC31;Imperia;3;IT;12;982;
ITC32;Savona;3;IT;12;983;
ITC33;Genova;3;IT;12;984;
ITC34;La Spezia;3;IT;12;985;
ITC4;Lombardia;2;IT;12;986;
ITC41;Varese;3;IT;12;987;
ITC42;Como;3;IT;12;988;
ITC43;Lecco;3;IT;12;989;
ITC44;Sondrio;3;IT;12;990;
ITC46;Bergamo;3;IT;12;991;
ITC47;Brescia;3;IT;12;992;
ITC48;Pavia;3;IT;12;993;
ITC49;Lodi;3;IT;12;994;
ITC4A;Cremona;3;IT;12;995;
ITC4B;Mantova;3;IT;12;996;
ITC4C;Milano;3;IT;12;997;
ITC4D;Monza e della Brianza;3;IT;12;998;
ITF;SUD;1;IT;12;999;
ITF1;Abruzzo;2;IT;12;1000;
ITF11;L'Aquila;3;IT;12;1001;
ITF12;Teramo;3;IT;12;1002;
ITF13;Pescara;3;IT;12;1003;
ITF14;Chieti;3;IT;12;1004;
ITF2;Molise;2;IT;12;1005;
ITF21;Isernia;3;IT;12;1006;
ITF22;Campobasso;3;IT;12;1007;
ITF3;Campania;2;IT;12;1008;
ITF31;Caserta;3;IT;12;1009;
ITF32;Benevento;3;IT;12;1010;
ITF33;Napoli;3;IT;12;1011;
ITF34;Avellino;3;IT;12;1012;
ITF35;Salerno;3;IT;12;1013;
ITF4;Puglia;2;IT;12;1014;
ITF43;Taranto;3;IT;12;1015;
ITF44;Brindisi;3;IT;12;1016;
ITF45;Lecce;3;IT;12;1017;
ITF46;Foggia;3;IT;12;1018;
ITF47;Bari;3;IT;12;1019;
ITF48;Barletta-Andria-Trani;3;IT;12;1020;
ITF5;Basilicata;2;IT;12;1021;
ITF51;Potenza;3;IT;12;1022;
ITF52;Matera;3;IT;12;1023;
ITF6;Calabria;2;IT;12;1024;
ITF61;Cosenza;3;IT;12;1025;
ITF62;Crotone;3;IT;12;1026;
ITF63;Catanzaro;3;IT;12;1027;
ITF64;Vibo Valentia;3;IT;12;1028;
ITF65;Reggio di Calabria;3;IT;12;1029;
ITG;ISOLE;1;IT;12;1030;
ITG1;Sicilia;2;IT;12;1031;
ITG11;Trapani;3;IT;12;1032;
ITG12;Palermo;3;IT;12;1033;
ITG13;Messina;3;IT;12;1034;
ITG14;Agrigento;3;IT;12;1035;
ITG15;Caltanissetta;3;IT;12;1036;
ITG16;Enna;3;IT;12;1037;
ITG17;Catania;3;IT;12;1038;
ITG18;Ragusa;3;IT;12;1039;
ITG19;Siracusa;3;IT;12;1040;
ITG2;Sardegna;2;IT;12;1041;
ITG25;Sassari;3;IT;12;1042;
ITG26;Nuoro;3;IT;12;1043;
ITG27;Cagliari;3;IT;12;1044;
ITG28;Oristano;3;IT;12;1045;
ITG29;Olbia-Tempio;3;IT;12;1046;
ITG2A;Ogliastra;3;IT;12;1047;
ITG2B;Medio Campidano;3;IT;12;1048;
ITG2C;Carbonia-Iglesias;3;IT;12;1049;
ITH;NORD-EST;1;IT;12;1050;
ITH1;Provincia Autonoma di Bolzano/Bozen;2;IT;12;1051;
ITH10;Bolzano-Bozen;3;IT;12;1052;
ITH2;Provincia Autonoma di Trento;2;IT;12;1053;
ITH20;Trento;3;IT;12;1054;
ITH3;Veneto;2;IT;12;1055;
ITH31;Verona;3;IT;12;1056;
ITH32;Vicenza;3;IT;12;1057;
ITH33;Belluno;3;IT;12;1058;
ITH34;Treviso;3;IT;12;1059;
ITH35;Venezia;3;IT;12;1060;
ITH36;Padova;3;IT;12;1061;
ITH37;Rovigo;3;IT;12;1062;
ITH4;Friuli-Venezia Giulia;2;IT;12;1063;
ITH41;Pordenone;3;IT;12;1064;
ITH42;Udine;3;IT;12;1065;
ITH43;Gorizia;3;IT;12;1066;
ITH44;Trieste;3;IT;12;1067;
ITH5;Emilia-Romagna;2;IT;12;1068;
ITH51;Piacenza;3;IT;12;1069;
ITH52;Parma;3;IT;12;1070;
ITH53;Reggio nell'Emilia;3;IT;12;1071;
ITH54;Modena;3;IT;12;1072;
ITH55;Bologna;3;IT;12;1073;
ITH56;Ferrara;3;IT;12;1074;
ITH57;Ravenna;3;IT;12;1075;
ITH58;Forlì-Cesena;3;IT;12;1076;
ITH59;Rimini;3;IT;12;1077;
ITI;CENTRO (IT);1;IT;12;1078;
ITI1;Toscana;2;IT;12;1079;
ITI11;Massa-Carrara;3;IT;12;1080;
ITI12;Lucca;3;IT;12;1081;
ITI13;Pistoia;3;IT;12;1082;
ITI14;Firenze;3;IT;12;1083;
ITI15;Prato;3;IT;12;1084;
ITI16;Livorno;3;IT;12;1085;
ITI17;Pisa;3;IT;12;1086;
ITI18;Arezzo;3;IT;12;1087;
ITI19;Siena;3;IT;12;1088;
ITI1A;Grosseto;3;IT;12;1089;
ITI2;Umbria;2;IT;12;1090;
ITI21;Perugia;3;IT;12;1091;
ITI22;Terni;3;IT;12;1092;
ITI3;Marche;2;IT;12;1093;
ITI31;Pesaro e Urbino;3;IT;12;1094;
ITI32;Ancona;3;IT;12;1095;
ITI33;Macerata;3;IT;12;1096;
ITI34;Ascoli Piceno;3;IT;12;1097;
ITI35;Fermo;3;IT;12;1098;
ITI4;Lazio;2;IT;12;1099;
ITI41;Viterbo;3;IT;12;1100;
ITI42;Rieti;3;IT;12;1101;
ITI43;Roma;3;IT;12;1102;
ITI44;Latina;3;IT;12;1103;
ITI45;Frosinone;3;IT;12;1104;
ITZ;EXTRA-REGIO NUTS 1;1;IT;12;1105;
ITZZ;Extra-Regio NUTS 2;2;IT;12;1106;
ITZZZ;Extra-Regio NUTS 3;3;IT;12;1107;
CY;ΚΥΠΡΟΣ (KÝPROS);0;CY;13;1108;
CY0;ΚΥΠΡΟΣ (Kýpros);1;CY;13;1109;
CY00;Κύπρος (Kýpros);2;CY;13;1110;
CY000;Κύπρος (Kýpros);3;CY;13;1111;
CYZ;EXTRA-REGIO NUTS 1;1;CY;13;1112;
CYZZ;Extra-Regio NUTS 2;2;CY;13;1113;
CYZZZ;Extra-Regio NUTS 3;3;CY;13;1114;
LV;LATVIJA;0;LV;14;1115;
LV0;LATVIJA;1;LV;14;1116;
LV00;Latvija;2;LV;14;1117;
LV003;Kurzeme;3;LV;14;1118;
LV005;Latgale;3;LV;14;1119;
LV006;Rīga;3;LV;14;1120;
LV007;Pierīga;3;LV;14;1121;
LV008;Vidzeme;3;LV;14;1122;
LV009;Zemgale;3;LV;14;1123;
LVZ;EXTRA-REGIO NUTS 1;1;LV;14;1124;
LVZZ;Extra-Regio NUTS 2;2;LV;14;1125;
LVZZZ;Extra-Regio NUTS 3;3;LV;14;1126;
LT;LIETUVA;0;LT;15;1127;
LT0;LIETUVA;1;LT;15;1128;
LT00;Lietuva;2;LT;15;1129;
LT001;Alytaus apskritis;3;LT;15;1130;
LT002;Kauno apskritis;3;LT;15;1131;
LT003;Klaipėdos apskritis;3;LT;15;1132;
LT004;Marijampolės apskritis;3;LT;15;1133;
LT005;Panevėžio apskritis;3;LT;15;1134;
LT006;Šiaulių apskritis;3;LT;15;1135;
LT007;Tauragės apskritis;3;LT;15;1136;
LT008;Telšių apskritis;3;LT;15;1137;
LT009;Utenos apskritis;3;LT;15;1138;
LT00A;Vilniaus apskritis;3;LT;15;1139;
LTZ;EXTRA-REGIO NUTS 1;1;LT;15;1140;
LTZZ;Extra-Regio NUTS 2;2;LT;15;1141;
LTZZZ;Extra-Regio NUTS 3;3;LT;15;1142;
LU;LUXEMBOURG;0;LU;16;1143;
LU0;LUXEMBOURG;1;LU;16;1144;
LU00;Luxembourg;2;LU;16;1145;
LU000;Luxembourg;3;LU;16;1146;
LUZ;EXTRA-REGIO NUTS 1;1;LU;16;1147;
LUZZ;Extra-Regio NUTS 2;2;LU;16;1148;
LUZZZ;Extra-Regio NUTS 3;3;LU;16;1149;
HU;MAGYARORSZÁG;0;HU;17;1150;
HU1;KÖZÉP-MAGYARORSZÁG;1;HU;17;1151;
HU10;Közép-Magyarország;2;HU;17;1152;
HU101;Budapest;3;HU;17;1153;
HU102;Pest;3;HU;17;1154;
HU2;DUNÁNTÚL;1;HU;17;1155;
HU21;Közép-Dunántúl;2;HU;17;1156;
HU211;Fejér;3;HU;17;1157;
HU212;Komárom-Esztergom;3;HU;17;1158;
HU213;Veszprém;3;HU;17;1159;
HU22;Nyugat-Dunántúl;2;HU;17;1160;
HU221;Győr-Moson-Sopron;3;HU;17;1161;
HU222;Vas;3;HU;17;1162;
HU223;Zala;3;HU;17;1163;
HU23;Dél-Dunántúl;2;HU;17;1164;
HU231;Baranya;3;HU;17;1165;
HU232;Somogy;3;HU;17;1166;
HU233;Tolna;3;HU;17;1167;
HU3;ALFÖLD ÉS ÉSZAK;1;HU;17;1168;
HU31;Észak-Magyarország;2;HU;17;1169;
HU311;Borsod-Abaúj-Zemplén;3;HU;17;1170;
HU312;Heves;3;HU;17;1171;
HU313;Nógrád;3;HU;17;1172;
HU32;Észak-Alföld;2;HU;17;1173;
HU321;Hajdú-Bihar;3;HU;17;1174;
HU322;Jász-Nagykun-Szolnok;3;HU;17;1175;
HU323;Szabolcs-Szatmár-Bereg;3;HU;17;1176;
HU33;Dél-Alföld;2;HU;17;1177;
HU331;Bács-Kiskun;3;HU;17;1178;
HU332;Békés;3;HU;17;1179;
HU333;Csongrád;3;HU;17;1180;
HUZ;EXTRA-REGIO NUTS 1;1;HU;17;1181;
HUZZ;Extra-Regio NUTS 2;2;HU;17;1182;
HUZZZ;Extra-Regio NUTS 3;3;HU;17;1183;
MT;MALTA;0;MT;18;1184;
MT0;MALTA;1;MT;18;1185;
MT00;Malta;2;MT;18;1186;
MT001;Malta;3;MT;18;1187;
MT002;Gozo and Comino / Għawdex u Kemmuna;3;MT;18;1188;
MTZ;EXTRA-REGIO NUTS 1;1;MT;18;1189;
MTZZ;Extra-Regio NUTS 2;2;MT;18;1190;
MTZZZ;Extra-Regio NUTS 3;3;MT;18;1191;
NL;NEDERLAND ;0;NL;19;1192;
NL1;NOORD-NEDERLAND;1;NL;19;1193;
NL11;Groningen;2;NL;19;1194;
NL111;Oost-Groningen;3;NL;19;1195;
NL112;Delfzijl en omgeving;3;NL;19;1196;
NL113;Overig Groningen;3;NL;19;1197;
NL12;Friesland (NL);2;NL;19;1198;
NL121;Noord-Friesland;3;NL;19;1199;
NL122;Zuidwest-Friesland;3;NL;19;1200;
NL123;Zuidoost-Friesland;3;NL;19;1201;
NL13;Drenthe;2;NL;19;1202;
NL131;Noord-Drenthe;3;NL;19;1203;
NL132;Zuidoost-Drenthe;3;NL;19;1204;
NL133;Zuidwest-Drenthe;3;NL;19;1205;
NL2;OOST-NEDERLAND;1;NL;19;1206;
NL21;Overijssel;2;NL;19;1207;
NL211;Noord-Overijssel;3;NL;19;1208;
NL212;Zuidwest-Overijssel;3;NL;19;1209;
NL213;Twente;3;NL;19;1210;
NL22;Gelderland;2;NL;19;1211;
NL221;Veluwe;3;NL;19;1212;
NL224;Zuidwest-Gelderland;3;NL;19;1213;
NL225;Achterhoek;3;NL;19;1214;
NL226;Arnhem/Nijmegen;3;NL;19;1215;
NL23;Flevoland;2;NL;19;1216;
NL230;Flevoland;3;NL;19;1217;
NL3;WEST-NEDERLAND;1;NL;19;1218;
NL31;Utrecht;2;NL;19;1219;
NL310;Utrecht;3;NL;19;1220;
NL32;Noord-Holland;2;NL;19;1221;
NL321;Kop van Noord-Holland;3;NL;19;1222;
NL322;Alkmaar en omgeving;3;NL;19;1223;
NL323;IJmond;3;NL;19;1224;
NL324;Agglomeratie Haarlem;3;NL;19;1225;
NL325;Zaanstreek;3;NL;19;1226;
NL326;Groot-Amsterdam;3;NL;19;1227;
NL327;Het Gooi en Vechtstreek;3;NL;19;1228;
NL33;Zuid-Holland;2;NL;19;1229;
NL332;Agglomeratie 's-Gravenhage;3;NL;19;1230;
NL333;Delft en Westland;3;NL;19;1231;
NL337;Agglomeratie Leiden en Bollenstreek;3;NL;19;1232;
NL338;Oost-Zuid-Holland;3;NL;19;1233;
NL339;Groot-Rijnmond;3;NL;19;1234;
NL33A;Zuidoost-Zuid-Holland;3;NL;19;1235;
NL34;Zeeland;2;NL;19;1236;
NL341;Zeeuwsch-Vlaanderen;3;NL;19;1237;
NL342;Overig Zeeland;3;NL;19;1238;
NL4;ZUID-NEDERLAND;1;NL;19;1239;
NL41;Noord-Brabant;2;NL;19;1240;
NL411;West-Noord-Brabant;3;NL;19;1241;
NL412;Midden-Noord-Brabant;3;NL;19;1242;
NL413;Noordoost-Noord-Brabant;3;NL;19;1243;
NL414;Zuidoost-Noord-Brabant;3;NL;19;1244;
NL42;Limburg (NL);2;NL;19;1245;
NL421;Noord-Limburg;3;NL;19;1246;
NL422;Midden-Limburg;3;NL;19;1247;
NL423;Zuid-Limburg;3;NL;19;1248;
NLZ;EXTRA-REGIO NUTS 1;1;NL;19;1249;
NLZZ;Extra-Regio NUTS 2;2;NL;19;1250;
NLZZZ;Extra-Regio NUTS 3;3;NL;19;1251;
AT;ÖSTERREICH;0;AT;20;1252;
AT1;OSTÖSTERREICH;1;AT;20;1253;
AT11;Burgenland (AT);2;AT;20;1254;
AT111;Mittelburgenland;3;AT;20;1255;
AT112;Nordburgenland;3;AT;20;1256;
AT113;Südburgenland;3;AT;20;1257;
AT12;Niederösterreich;2;AT;20;1258;
AT121;Mostviertel-Eisenwurzen;3;AT;20;1259;
AT122;Niederösterreich-Süd;3;AT;20;1260;
AT123;Sankt Pölten;3;AT;20;1261;
AT124;Waldviertel;3;AT;20;1262;
AT125;Weinviertel;3;AT;20;1263;
AT126;Wiener Umland/Nordteil;3;AT;20;1264;
AT127;Wiener Umland/Südteil;3;AT;20;1265;
AT13;Wien;2;AT;20;1266;
AT130;Wien;3;AT;20;1267;
AT2;SÜDÖSTERREICH;1;AT;20;1268;
AT21;Kärnten;2;AT;20;1269;
AT211;Klagenfurt-Villach;3;AT;20;1270;
AT212;Oberkärnten;3;AT;20;1271;
AT213;Unterkärnten;3;AT;20;1272;
AT22;Steiermark;2;AT;20;1273;
AT221;Graz;3;AT;20;1274;
AT222;Liezen;3;AT;20;1275;
AT223;Östliche Obersteiermark;3;AT;20;1276;
AT224;Oststeiermark;3;AT;20;1277;
AT225;West- und Südsteiermark;3;AT;20;1278;
AT226;Westliche Obersteiermark;3;AT;20;1279;
AT3;WESTÖSTERREICH;1;AT;20;1280;
AT31;Oberösterreich;2;AT;20;1281;
AT311;Innviertel;3;AT;20;1282;
AT312;Linz-Wels;3;AT;20;1283;
AT313;Mühlviertel;3;AT;20;1284;
AT314;Steyr-Kirchdorf;3;AT;20;1285;
AT315;Traunviertel;3;AT;20;1286;
AT32;Salzburg;2;AT;20;1287;
AT321;Lungau;3;AT;20;1288;
AT322;Pinzgau-Pongau;3;AT;20;1289;
AT323;Salzburg und Umgebung;3;AT;20;1290;
AT33;Tirol;2;AT;20;1291;
AT331;Außerfern;3;AT;20;1292;
AT332;Innsbruck;3;AT;20;1293;
AT333;Osttirol;3;AT;20;1294;
AT334;Tiroler Oberland;3;AT;20;1295;
AT335;Tiroler Unterland;3;AT;20;1296;
AT34;Vorarlberg;2;AT;20;1297;
AT341;Bludenz-Bregenzer Wald;3;AT;20;1298;
AT342;Rheintal-Bodenseegebiet;3;AT;20;1299;
ATZ;EXTRA-REGIO NUTS 1;1;AT;20;1300;
ATZZ;Extra-Regio NUTS 2;2;AT;20;1301;
ATZZZ;Extra-Regio NUTS 3;3;AT;20;1302;
PL;POLSKA;0;PL;21;1303;
PL1;REGION CENTRALNY;1;PL;21;1304;
PL11;Łódzkie;2;PL;21;1305;
PL113;Miasto Łódź;3;PL;21;1306;
PL114;Łódzki;3;PL;21;1307;
PL115;Piotrkowski;3;PL;21;1308;
PL116;Sieradzki;3;PL;21;1309;
PL117;Skierniewicki;3;PL;21;1310;
PL12;Mazowieckie;2;PL;21;1311;
PL127;Miasto Warszawa;3;PL;21;1312;
PL128;Radomski;3;PL;21;1313;
PL129;Warszawski wschodni;3;PL;21;1314;
PL12A;Warszawski zachodni;3;PL;21;1315;
PL12B;Ciechanowski;3;PL;21;1316;
PL12C;Płocki;3;PL;21;1317;
PL12D;Ostrołęcki;3;PL;21;1318;
PL12E;Siedlecki;3;PL;21;1319;
PL2;REGION POŁUDNIOWY;1;PL;21;1320;
PL21;Małopolskie;2;PL;21;1321;
PL213;Miasto Kraków;3;PL;21;1322;
PL214;Krakowski;3;PL;21;1323;
PL217;Tarnowski;3;PL;21;1324;
PL218;Nowosądecki;3;PL;21;1325;
PL219;Nowotarski;3;PL;21;1326;
PL21A;Oświęcimski;3;PL;21;1327;
PL22;Śląskie;2;PL;21;1328;
PL224;Częstochowski;3;PL;21;1329;
PL225;Bielski;3;PL;21;1330;
PL227;Rybnicki;3;PL;21;1331;
PL228;Bytomski;3;PL;21;1332;
PL229;Gliwicki;3;PL;21;1333;
PL22A;Katowicki;3;PL;21;1334;
PL22B;Sosnowiecki;3;PL;21;1335;
PL22C;Tyski;3;PL;21;1336;
PL3;REGION WSCHODNI;1;PL;21;1337;
PL31;Lubelskie;2;PL;21;1338;
PL311;Bialski;3;PL;21;1339;
PL312;Chełmsko-zamojski;3;PL;21;1340;
PL314;Lubelski;3;PL;21;1341;
PL315;Puławski;3;PL;21;1342;
PL32;Podkarpackie;2;PL;21;1343;
PL323;Krośnieński;3;PL;21;1344;
PL324;Przemyski;3;PL;21;1345;
PL325;Rzeszowski;3;PL;21;1346;
PL326;Tarnobrzeski;3;PL;21;1347;
PL33;Świętokrzyskie;2;PL;21;1348;
PL331;Kielecki;3;PL;21;1349;
PL332;Sandomiersko-jędrzejowski;3;PL;21;1350;
PL34;Podlaskie;2;PL;21;1351;
PL343;Białostocki;3;PL;21;1352;
PL344;Łomżyński;3;PL;21;1353;
PL345;Suwalski;3;PL;21;1354;
PL4;REGION PÓŁNOCNO-ZACHODNI;1;PL;21;1355;
PL41;Wielkopolskie;2;PL;21;1356;
PL411;Pilski;3;PL;21;1357;
PL414;Koniński;3;PL;21;1358;
PL415;Miasto Poznań;3;PL;21;1359;
PL416;Kaliski;3;PL;21;1360;
PL417;Leszczyński;3;PL;21;1361;
PL418;Poznański;3;PL;21;1362;
PL42;Zachodniopomorskie;2;PL;21;1363;
PL424;Miasto Szczecin;3;PL;21;1364;
PL426;Koszaliński;3;PL;21;1365;
PL427;Szczecinecko-pyrzycki;3;PL;21;1366;
PL428;Szczeciński;3;PL;21;1367;
PL43;Lubuskie;2;PL;21;1368;
PL431;Gorzowski;3;PL;21;1369;
PL432;Zielonogórski;3;PL;21;1370;
PL5;REGION POŁUDNIOWO-ZACHODNI;1;PL;21;1371;
PL51;Dolnośląskie;2;PL;21;1372;
PL514;Miasto Wrocław;3;PL;21;1373;
PL515;Jeleniogórski;3;PL;21;1374;
PL516;Legnicko-Głogowski;3;PL;21;1375;
PL517;Wałbrzyski;3;PL;21;1376;
PL518;Wrocławski;3;PL;21;1377;
PL52;Opolskie;2;PL;21;1378;
PL523;Nyski;3;PL;21;1379;
PL524;Opolski;3;PL;21;1380;
PL6;REGION PÓŁNOCNY;1;PL;21;1381;
PL61;Kujawsko-Pomorskie;2;PL;21;1382;
PL613;Bydgosko-Toruński;3;PL;21;1383;
PL616;Grudziądzki;3;PL;21;1384;
PL617;Inowrocławski;3;PL;21;1385;
PL618;Świecki;3;PL;21;1386;
PL619;Włocławski;3;PL;21;1387;
PL62;Warmińsko-Mazurskie;2;PL;21;1388;
PL621;Elbląski;3;PL;21;1389;
PL622;Olsztyński;3;PL;21;1390;
PL623;Ełcki;3;PL;21;1391;
PL63;Pomorskie;2;PL;21;1392;
PL633;Trójmiejski;3;PL;21;1393;
PL634;Gdański;3;PL;21;1394;
PL636;Słupski;3;PL;21;1395;
PL637;Chojnicki;3;PL;21;1396;
PL638;Starogardzki;3;PL;21;1397;
PLZ;EXTRA-REGIO NUTS 1;1;PL;21;1398;
PLZZ;Extra-Regio NUTS 2;2;PL;21;1399;
PLZZZ;Extra-Regio NUTS 3;3;PL;21;1400;
PT;PORTUGAL;0;PT;22;1401;
PT1;CONTINENTE;1;PT;22;1402;
PT11;Norte;2;PT;22;1403;
PT111;Alto Minho;3;PT;22;1404;
PT112;Cávado;3;PT;22;1405;
PT119;Ave;3;PT;22;1406;
PT11A;Área Metropolitana do Porto;3;PT;22;1407;
PT11B;Alto Tâmega;3;PT;22;1408;
PT11C;Tâmega e Sousa;3;PT;22;1409;
PT11D;Douro;3;PT;22;1410;
PT11E;Terras de Trás-os-Montes;3;PT;22;1411;
PT15;Algarve;2;PT;22;1412;
PT150;Algarve;3;PT;22;1413;
PT16;Centro (PT);2;PT;22;1414;
PT16B;Oeste;3;PT;22;1415;
PT16D;Região de Aveiro;3;PT;22;1416;
PT16E;Região de Coimbra;3;PT;22;1417;
PT16F;Região de Leiria;3;PT;22;1418;
PT16G;Viseu Dão Lafões;3;PT;22;1419;
PT16H;Beira Baixa;3;PT;22;1420;
PT16I;Médio Tejo;3;PT;22;1421;
PT16J;Beiras e Serra da Estrela;3;PT;22;1422;
PT17;Área Metropolitana de Lisboa;2;PT;22;1423;
PT170;Área Metropolitana de Lisboa;3;PT;22;1424;
PT18;Alentejo;2;PT;22;1425;
PT181;Alentejo Litoral;3;PT;22;1426;
PT184;Baixo Alentejo;3;PT;22;1427;
PT185;Lezíria do Tejo;3;PT;22;1428;
PT186;Alto Alentejo;3;PT;22;1429;
PT187;Alentejo Central;3;PT;22;1430;
PT2;REGIÃO AUTÓNOMA DOS AÇORES;1;PT;22;1431;
PT20;Região Autónoma dos Açores;2;PT;22;1432;
PT200;Região Autónoma dos Açores;3;PT;22;1433;
PT3;REGIÃO AUTÓNOMA DA MADEIRA;1;PT;22;1434;
PT30;Região Autónoma da Madeira;2;PT;22;1435;
PT300;Região Autónoma da Madeira;3;PT;22;1436;
PTZ;EXTRA-REGIO NUTS 1;1;PT;22;1437;
PTZZ;Extra-Regio NUTS 2;2;PT;22;1438;
PTZZZ;Extra-Regio NUTS 3;3;PT;22;1439;
RO;ROMÂNIA;0;RO;23;1440;
RO1;MACROREGIUNEA UNU;1;RO;23;1441;
RO11;Nord-Vest;2;RO;23;1442;
RO111;Bihor;3;RO;23;1443;
RO112;Bistriţa-Năsăud;3;RO;23;1444;
RO113;Cluj;3;RO;23;1445;
RO114;Maramureş;3;RO;23;1446;
RO115;Satu Mare;3;RO;23;1447;
RO116;Sălaj;3;RO;23;1448;
RO12;Centru;2;RO;23;1449;
RO121;Alba;3;RO;23;1450;
RO122;Braşov;3;RO;23;1451;
RO123;Covasna;3;RO;23;1452;
RO124;Harghita;3;RO;23;1453;
RO125;Mureş;3;RO;23;1454;
RO126;Sibiu;3;RO;23;1455;
RO2;MACROREGIUNEA DOI;1;RO;23;1456;
RO21;Nord-Est;2;RO;23;1457;
RO211;Bacău;3;RO;23;1458;
RO212;Botoşani;3;RO;23;1459;
RO213;Iaşi;3;RO;23;1460;
RO214;Neamţ;3;RO;23;1461;
RO215;Suceava;3;RO;23;1462;
RO216;Vaslui;3;RO;23;1463;
RO22;Sud-Est;2;RO;23;1464;
RO221;Brăila;3;RO;23;1465;
RO222;Buzău;3;RO;23;1466;
RO223;Constanţa;3;RO;23;1467;
RO224;Galaţi;3;RO;23;1468;
RO225;Tulcea;3;RO;23;1469;
RO226;Vrancea;3;RO;23;1470;
RO3;MACROREGIUNEA TREI;1;RO;23;1471;
RO31;Sud - Muntenia;2;RO;23;1472;
RO311;Argeş;3;RO;23;1473;
RO312;Călăraşi;3;RO;23;1474;
RO313;Dâmboviţa;3;RO;23;1475;
RO314;Giurgiu;3;RO;23;1476;
RO315;Ialomiţa;3;RO;23;1477;
RO316;Prahova;3;RO;23;1478;
RO317;Teleorman;3;RO;23;1479;
RO32;Bucureşti - Ilfov;2;RO;23;1480;
RO321;Bucureşti;3;RO;23;1481;
RO322;Ilfov;3;RO;23;1482;
RO4;MACROREGIUNEA PATRU;1;RO;23;1483;
RO41;Sud-Vest Oltenia;2;RO;23;1484;
RO411;Dolj;3;RO;23;1485;
RO412;Gorj;3;RO;23;1486;
RO413;Mehedinţi;3;RO;23;1487;
RO414;Olt;3;RO;23;1488;
RO415;Vâlcea;3;RO;23;1489;
RO42;Vest;2;RO;23;1490;
RO421;Arad;3;RO;23;1491;
RO422;Caraş-Severin;3;RO;23;1492;
RO423;Hunedoara;3;RO;23;1493;
RO424;Timiş;3;RO;23;1494;
ROZ;EXTRA-REGIO NUTS 1;1;RO;23;1495;
ROZZ;Extra-Regio NUTS 2;2;RO;23;1496;
ROZZZ;Extra-Regio NUTS 3;3;RO;23;1497;
SI;SLOVENIJA;0;SI;24;1498;
SI0;SLOVENIJA;1;SI;24;1499;
SI03;Vzhodna Slovenija;2;SI;24;1500;
SI031;Pomurska;3;SI;24;1501;
SI032;Podravska;3;SI;24;1502;
SI033;Koroška;3;SI;24;1503;
SI034;Savinjska;3;SI;24;1504;
SI035;Zasavska;3;SI;24;1505;
SI036;Posavska;3;SI;24;1506;
SI037;Jugovzhodna Slovenija;3;SI;24;1507;
SI038;Primorsko-notranjska;3;SI;24;1508;
SI04;Zahodna Slovenija;2;SI;24;1509;
SI041;Osrednjeslovenska;3;SI;24;1510;
SI042;Gorenjska;3;SI;24;1511;
SI043;Goriška;3;SI;24;1512;
SI044;Obalno-kraška;3;SI;24;1513;
SIZ;EXTRA-REGIO NUTS 1;1;SI;24;1514;
SIZZ;Extra-Regio NUTS 2;2;SI;24;1515;
SIZZZ;Extra-Regio NUTS 3;3;SI;24;1516;
SK;SLOVENSKO;0;SK;25;1517;
SK0;SLOVENSKO;1;SK;25;1518;
SK01;Bratislavský kraj;2;SK;25;1519;
SK010;Bratislavský kraj;3;SK;25;1520;
SK02;Západné Slovensko;2;SK;25;1521;
SK021;Trnavský kraj;3;SK;25;1522;
SK022;Trenčiansky kraj;3;SK;25;1523;
SK023;Nitriansky kraj;3;SK;25;1524;
SK03;Stredné Slovensko;2;SK;25;1525;
SK031;Žilinský kraj;3;SK;25;1526;
SK032;Banskobystrický kraj;3;SK;25;1527;
SK04;Východné Slovensko;2;SK;25;1528;
SK041;Prešovský kraj;3;SK;25;1529;
SK042;Košický kraj;3;SK;25;1530;
SKZ;EXTRA-REGIO NUTS 1;1;SK;25;1531;
SKZZ;Extra-Regio NUTS 2;2;SK;25;1532;
SKZZZ;Extra-Regio NUTS 3;3;SK;25;1533;
FI;SUOMI / FINLAND;0;FI;26;1534;
FI1;MANNER-SUOMI;1;FI;26;1535;
FI19;Länsi-Suomi;2;FI;26;1536;
FI193;Keski-Suomi;3;FI;26;1537;
FI194;Etelä-Pohjanmaa;3;FI;26;1538;
FI195;Pohjanmaa;3;FI;26;1539;
FI196;Satakunta;3;FI;26;1540;
FI197;Pirkanmaa;3;FI;26;1541;
FI1B;Helsinki-Uusimaa;2;FI;26;1542;
FI1B1;Helsinki-Uusimaa;3;FI;26;1543;
FI1C;Etelä-Suomi;2;FI;26;1544;
FI1C1;Varsinais-Suomi;3;FI;26;1545;
FI1C2;Kanta-Häme;3;FI;26;1546;
FI1C3;Päijät-Häme;3;FI;26;1547;
FI1C4;Kymenlaakso;3;FI;26;1548;
FI1C5;Etelä-Karjala;3;FI;26;1549;
FI1D;Pohjois- ja Itä-Suomi;2;FI;26;1550;
FI1D1;Etelä-Savo;3;FI;26;1551;
FI1D2;Pohjois-Savo;3;FI;26;1552;
FI1D3;Pohjois-Karjala;3;FI;26;1553;
FI1D4;Kainuu;3;FI;26;1554;
FI1D5;Keski-Pohjanmaa;3;FI;26;1555;
FI1D6;Pohjois-Pohjanmaa;3;FI;26;1556;
FI1D7;Lappi;3;FI;26;1557;
FI2;ÅLAND;1;FI;26;1558;
FI20;Åland;2;FI;26;1559;
FI200;Åland;3;FI;26;1560;
FIZ;EXTRA-REGIO NUTS 1;1;FI;26;1561;
FIZZ;Extra-Regio NUTS 2;2;FI;26;1562;
FIZZZ;Extra-Regio NUTS 3;3;FI;26;1563;
SE;SVERIGE;0;SE;27;1564;
SE1;ÖSTRA SVERIGE;1;SE;27;1565;
SE11;Stockholm;2;SE;27;1566;
SE110;Stockholms län;3;SE;27;1567;
SE12;Östra Mellansverige;2;SE;27;1568;
SE121;Uppsala län;3;SE;27;1569;
SE122;Södermanlands län;3;SE;27;1570;
SE123;Östergötlands län;3;SE;27;1571;
SE124;Örebro län;3;SE;27;1572;
SE125;Västmanlands län;3;SE;27;1573;
SE2;SÖDRA SVERIGE;1;SE;27;1574;
SE21;Småland med öarna;2;SE;27;1575;
SE211;Jönköpings län;3;SE;27;1576;
SE212;Kronobergs län;3;SE;27;1577;
SE213;Kalmar län;3;SE;27;1578;
SE214;Gotlands län;3;SE;27;1579;
SE22;Sydsverige;2;SE;27;1580;
SE221;Blekinge län;3;SE;27;1581;
SE224;Skåne län;3;SE;27;1582;
SE23;Västsverige;2;SE;27;1583;
SE231;Hallands län;3;SE;27;1584;
SE232;Västra Götalands län;3;SE;27;1585;
SE3;NORRA SVERIGE;1;SE;27;1586;
SE31;Norra Mellansverige;2;SE;27;1587;
SE311;Värmlands län;3;SE;27;1588;
SE312;Dalarnas län;3;SE;27;1589;
SE313;Gävleborgs län;3;SE;27;1590;
SE32;Mellersta Norrland;2;SE;27;1591;
SE321;Västernorrlands län;3;SE;27;1592;
SE322;Jämtlands län;3;SE;27;1593;
SE33;Övre Norrland;2;SE;27;1594;
SE331;Västerbottens län;3;SE;27;1595;
SE332;Norrbottens län;3;SE;27;1596;
SEZ;EXTRA-REGIO NUTS 1;1;SE;27;1597;
SEZZ;Extra-Regio NUTS 2;2;SE;27;1598;
SEZZZ;Extra-Regio NUTS 3;3;SE;27;1599;
UK;UNITED KINGDOM;0;UK;28;1600;
UKC;NORTH EAST (ENGLAND);1;UK;28;1601;
UKC1;Tees Valley and Durham;2;UK;28;1602;
UKC11;Hartlepool and Stockton-on-Tees;3;UK;28;1603;
UKC12;South Teesside;3;UK;28;1604;
UKC13;Darlington;3;UK;28;1605;
UKC14;Durham CC;3;UK;28;1606;
UKC2;Northumberland and Tyne and Wear;2;UK;28;1607;
UKC21;Northumberland;3;UK;28;1608;
UKC22;Tyneside;3;UK;28;1609;
UKC23;Sunderland;3;UK;28;1610;
UKD;NORTH WEST (ENGLAND);1;UK;28;1611;
UKD1;Cumbria;2;UK;28;1612;
UKD11;West Cumbria;3;UK;28;1613;
UKD12;East Cumbria;3;UK;28;1614;
UKD3;Greater Manchester;2;UK;28;1615;
UKD33;Manchester;3;UK;28;1616;
UKD34;Greater Manchester South West;3;UK;28;1617;
UKD35;Greater Manchester South East;3;UK;28;1618;
UKD36;Greater Manchester North West;3;UK;28;1619;
UKD37;Greater Manchester North East;3;UK;28;1620;
UKD4;Lancashire;2;UK;28;1621;
UKD41;Blackburn with Darwen;3;UK;28;1622;
UKD42;Blackpool;3;UK;28;1623;
UKD44;Lancaster & Wyre;3;UK;28;1624;
UKD45;Mid Lancashire;3;UK;28;1625;
UKD46;East Lancashire;3;UK;28;1626;
UKD47;Chorley & West Lancashire;3;UK;28;1627;
UKD6;Cheshire;2;UK;28;1628;
UKD61;Warrington;3;UK;28;1629;
UKD62;Cheshire East;3;UK;28;1630;
UKD63;Cheshire West and Chester;3;UK;28;1631;
UKD7;Merseyside;2;UK;28;1632;
UKD71;East Merseyside;3;UK;28;1633;
UKD72;Liverpool;3;UK;28;1634;
UKD73;Sefton;3;UK;28;1635;
UKD74;Wirral;3;UK;28;1636;
UKE;YORKSHIRE AND THE HUMBER;1;UK;28;1637;
UKE1;East Yorkshire and Northern Lincolnshire;2;UK;28;1638;
UKE11;Kingston upon Hull, City of;3;UK;28;1639;
UKE12;East Riding of Yorkshire;3;UK;28;1640;
UKE13;North and North East Lincolnshire;3;UK;28;1641;
UKE2;North Yorkshire;2;UK;28;1642;
UKE21;York;3;UK;28;1643;
UKE22;North Yorkshire CC;3;UK;28;1644;
UKE3;South Yorkshire;2;UK;28;1645;
UKE31;Barnsley, Doncaster and Rotherham;3;UK;28;1646;
UKE32;Sheffield;3;UK;28;1647;
UKE4;West Yorkshire;2;UK;28;1648;
UKE41;Bradford;3;UK;28;1649;
UKE42;Leeds;3;UK;28;1650;
UKE44;Calderdale and Kirklees;3;UK;28;1651;
UKE45;Wakefield;3;UK;28;1652;
UKF;EAST MIDLANDS (ENGLAND);1;UK;28;1653;
UKF1;Derbyshire and Nottinghamshire;2;UK;28;1654;
UKF11;Derby;3;UK;28;1655;
UKF12;East Derbyshire;3;UK;28;1656;
UKF13;South and West Derbyshire;3;UK;28;1657;
UKF14;Nottingham;3;UK;28;1658;
UKF15;North Nottinghamshire;3;UK;28;1659;
UKF16;South Nottinghamshire;3;UK;28;1660;
UKF2;Leicestershire, Rutland and Northamptonshire;2;UK;28;1661;
UKF21;Leicester;3;UK;28;1662;
UKF22;Leicestershire CC and Rutland;3;UK;28;1663;
UKF24;West Northamptonshire;3;UK;28;1664;
UKF25;North Northamptonshire;3;UK;28;1665;
UKF3;Lincolnshire;2;UK;28;1666;
UKF30;Lincolnshire;3;UK;28;1667;
UKG;WEST MIDLANDS (ENGLAND);1;UK;28;1668;
UKG1;Herefordshire, Worcestershire and Warwickshire;2;UK;28;1669;
UKG11;Herefordshire, County of;3;UK;28;1670;
UKG12;Worcestershire;3;UK;28;1671;
UKG13;Warwickshire;3;UK;28;1672;
UKG2;Shropshire and Staffordshire;2;UK;28;1673;
UKG21;Telford and Wrekin;3;UK;28;1674;
UKG22;Shropshire CC;3;UK;28;1675;
UKG23;Stoke-on-Trent;3;UK;28;1676;
UKG24;Staffordshire CC;3;UK;28;1677;
UKG3;West Midlands;2;UK;28;1678;
UKG31;Birmingham;3;UK;28;1679;
UKG32;Solihull;3;UK;28;1680;
UKG33;Coventry;3;UK;28;1681;
UKG36;Dudley;3;UK;28;1682;
UKG37;Sandwell;3;UK;28;1683;
UKG38;Walsall;3;UK;28;1684;
UKG39;Wolverhampton;3;UK;28;1685;
UKH;EAST OF ENGLAND;1;UK;28;1686;
UKH1;East Anglia;2;UK;28;1687;
UKH11;Peterborough;3;UK;28;1688;
UKH12;Cambridgeshire CC;3;UK;28;1689;
UKH14;Suffolk;3;UK;28;1690;
UKH15;Norwich & East Norfolk;3;UK;28;1691;
UKH16;North & West Norfolk;3;UK;28;1692;
UKH17;Breckland & South Norfolk;3;UK;28;1693;
UKH2;Bedfordshire and Hertfordshire;2;UK;28;1694;
UKH21;Luton;3;UK;28;1695;
UKH23;Hertfordshire;3;UK;28;1696;
UKH24;Bedford;3;UK;28;1697;
UKH25;Central Bedfordshire;3;UK;28;1698;
UKH3;Essex;2;UK;28;1699;
UKH31;Southend-on-Sea;3;UK;28;1700;
UKH32;Thurrock;3;UK;28;1701;
UKH34;Essex Haven Gateway;3;UK;28;1702;
UKH35;West Essex;3;UK;28;1703;
UKH36;Heart of Essex;3;UK;28;1704;
UKH37;Essex Thames Gateway;3;UK;28;1705;
UKI;LONDON;1;UK;28;1706;
UKI3;Inner London - West;2;UK;28;1707;
UKI31;Camden & City of London;3;UK;28;1708;
UKI32;Westminster;3;UK;28;1709;
UKI33;Kensington and Chelsea & Hammersmith and Fulham;3;UK;28;1710;
UKI34;Wandsworth;3;UK;28;1711;
UKI4;Inner London - East;2;UK;28;1712;
UKI41;Hackney & Newham;3;UK;28;1713;
UKI42;Tower Hamlets;3;UK;28;1714;
UKI43;Haringey & Islington;3;UK;28;1715;
UKI44;Lewisham & Southwark;3;UK;28;1716;
UKI45;Lambeth;3;UK;28;1717;
UKI5;Outer London - East and North East;2;UK;28;1718;
UKI51;Bexley & Greenwich;3;UK;28;1719;
UKI52;Barking and Dagenham & Havering;3;UK;28;1720;
UKI53;Redbridge & Waltham Forest;3;UK;28;1721;
UKI54;Enfield;3;UK;28;1722;
UKI6;Outer London - South;2;UK;28;1723;
UKI61;Bromley;3;UK;28;1724;
UKI62;Croydon;3;UK;28;1725;
UKI63;Merton, Kingston upon Thames & Sutton;3;UK;28;1726;
UKI7;Outer London - West and North West;2;UK;28;1727;
UKI71;Barnet;3;UK;28;1728;
UKI72;Brent;3;UK;28;1729;
UKI73;Ealing;3;UK;28;1730;
UKI74;Harrow & Hillingdon;3;UK;28;1731;
UKI75;Hounslow & Richmond upon Thames;3;UK;28;1732;
UKJ;SOUTH EAST (ENGLAND);1;UK;28;1733;
UKJ1;Berkshire, Buckinghamshire and Oxfordshire;2;UK;28;1734;
UKJ11;Berkshire;3;UK;28;1735;
UKJ12;Milton Keynes;3;UK;28;1736;
UKJ13;Buckinghamshire CC;3;UK;28;1737;
UKJ14;Oxfordshire;3;UK;28;1738;
UKJ2;Surrey, East and West Sussex;2;UK;28;1739;
UKJ21;Brighton and Hove;3;UK;28;1740;
UKJ22;East Sussex CC;3;UK;28;1741;
UKJ25;West Surrey;3;UK;28;1742;
UKJ26;East Surrey;3;UK;28;1743;
UKJ27;West Sussex (South West);3;UK;28;1744;
UKJ28;West Sussex (North East);3;UK;28;1745;
UKJ3;Hampshire and Isle of Wight;2;UK;28;1746;
UKJ31;Portsmouth;3;UK;28;1747;
UKJ32;Southampton;3;UK;28;1748;
UKJ34;Isle of Wight;3;UK;28;1749;
UKJ35;South Hampshire;3;UK;28;1750;
UKJ36;Central Hampshire;3;UK;28;1751;
UKJ37;North Hampshire;3;UK;28;1752;
UKJ4;Kent;2;UK;28;1753;
UKJ41;Medway;3;UK;28;1754;
UKJ43;Kent Thames Gateway;3;UK;28;1755;
UKJ44;East Kent;3;UK;28;1756;
UKJ45;Mid Kent;3;UK;28;1757;
UKJ46;West Kent;3;UK;28;1758;
UKK;SOUTH WEST (ENGLAND);1;UK;28;1759;
UKK1;Gloucestershire, Wiltshire and Bristol/Bath area;2;UK;28;1760;
UKK11;Bristol, City of;3;UK;28;1761;
UKK12;Bath and North East Somerset, North Somerset and South Gloucestershire;3;UK;28;1762;
UKK13;Gloucestershire;3;UK;28;1763;
UKK14;Swindon;3;UK;28;1764;
UKK15;Wiltshire CC;3;UK;28;1765;
UKK2;Dorset and Somerset;2;UK;28;1766;
UKK21;Bournemouth and Poole;3;UK;28;1767;
UKK22;Dorset CC;3;UK;28;1768;
UKK23;Somerset;3;UK;28;1769;
UKK3;Cornwall and Isles of Scilly;2;UK;28;1770;
UKK30;Cornwall and Isles of Scilly;3;UK;28;1771;
UKK4;Devon;2;UK;28;1772;
UKK41;Plymouth;3;UK;28;1773;
UKK42;Torbay;3;UK;28;1774;
UKK43;Devon CC;3;UK;28;1775;
UKL;WALES;1;UK;28;1776;
UKL1;West Wales and The Valleys;2;UK;28;1777;
UKL11;Isle of Anglesey;3;UK;28;1778;
UKL12;Gwynedd;3;UK;28;1779;
UKL13;Conwy and Denbighshire;3;UK;28;1780;
UKL14;South West Wales;3;UK;28;1781;
UKL15;Central Valleys;3;UK;28;1782;
UKL16;Gwent Valleys;3;UK;28;1783;
UKL17;Bridgend and Neath Port Talbot;3;UK;28;1784;
UKL18;Swansea;3;UK;28;1785;
UKL2;East Wales;2;UK;28;1786;
UKL21;Monmouthshire and Newport;3;UK;28;1787;
UKL22;Cardiff and Vale of Glamorgan;3;UK;28;1788;
UKL23;Flintshire and Wrexham;3;UK;28;1789;
UKL24;Powys;3;UK;28;1790;
UKM;SCOTLAND;1;UK;28;1791;
UKM2;Eastern Scotland;2;UK;28;1792;
UKM21;Angus and Dundee City;3;UK;28;1793;
UKM22;Clackmannanshire and Fife;3;UK;28;1794;
UKM23;East Lothian and Midlothian;3;UK;28;1795;
UKM24;Scottish Borders;3;UK;28;1796;
UKM25;Edinburgh, City of;3;UK;28;1797;
UKM26;Falkirk;3;UK;28;1798;
UKM27;Perth & Kinross and Stirling;3;UK;28;1799;
UKM28;West Lothian;3;UK;28;1800;
UKM3;South Western Scotland;2;UK;28;1801;
UKM31;East Dunbartonshire, West Dunbartonshire and Helensburgh & Lomond;3;UK;28;1802;
UKM32;Dumfries & Galloway;3;UK;28;1803;
UKM33;East Ayrshire and North Ayrshire mainland;3;UK;28;1804;
UKM34;Glasgow City;3;UK;28;1805;
UKM35;Inverclyde, East Renfrewshire and Renfrewshire;3;UK;28;1806;
UKM36;North Lanarkshire;3;UK;28;1807;
UKM37;South Ayrshire;3;UK;28;1808;
UKM38;South Lanarkshire;3;UK;28;1809;
UKM5;North Eastern Scotland;2;UK;28;1810;
UKM50;Aberdeen City and Aberdeenshire;3;UK;28;1811;
UKM6;Highlands and Islands;2;UK;28;1812;
UKM61;Caithness & Sutherland and Ross & Cromarty;3;UK;28;1813;
UKM62;Inverness & Nairn and Moray, Badenoch & Strathspey;3;UK;28;1814;
UKM63;Lochaber, Skye & Lochalsh, Arran & Cumbrae and Argyll & Bute;3;UK;28;1815;
UKM64;Eilean Siar (Western Isles);3;UK;28;1816;
UKM65;Orkney Islands;3;UK;28;1817;
UKM66;Shetland Islands;3;UK;28;1818;
UKN;NORTHERN IRELAND;1;UK;28;1819;
UKN0;Northern Ireland;2;UK;28;1820;
UKN01;Belfast;3;UK;28;1821;
UKN02;Outer Belfast;3;UK;28;1822;
UKN03;East of Northern Ireland;3;UK;28;1823;
UKN04;North of Northern Ireland;3;UK;28;1824;
UKN05;West and South of Northern Ireland;3;UK;28;1825;
UKZ;EXTRA-REGIO NUTS 1;1;UK;28;1826;
UKZZ;Extra-Regio NUTS 2;2;UK;28;1827;
UKZZZ;Extra-Regio NUTS 3;3;UK;28;1828;
